Index,KernelName,gpu-id,queue-id,queue-index,pid,tid,grd,wgr,lds,scr,arch_vgpr,accum_vgpr,sgpr,wave_size,sig,obj,SQ_WAVES,SQ_INSTS_VALU,SQ_INSTS_MFMA,SQ_INSTS_SMEM,SQ_INSTS_VMEM
0,"void at::native::(anonymous namespace)::distribution_elementwise_grid_stride_kernel<float, 4, at::native::templates::cuda::normal_and_transform<c10::BFloat16, float, at::CUDAGeneratorImpl*, at::native::templates::cuda::normal_kernel<at::CUDAGeneratorImpl*>(at::TensorBase const&, double, double, at::CUDAGeneratorImpl*)::{lambda()#1}::operator()() const::{lambda()#4}::operator()() const::{lambda(float)#1}>(at::TensorIteratorBase&, at::CUDAGeneratorImpl*, at::native::templates::cuda::normal_kernel<at::CUDAGeneratorImpl*>(at::TensorBase const&, double, double, at::CUDAGeneratorImpl*)::{lambda()#1}::operator()() const::{lambda()#4}::operator()() const::{lambda(float)#1})::{lambda(hiprandStatePhilox4_32_10*)#2}, at::native::(anonymous namespace)::distribution_nullary_kernel<c10::BFloat16, float, HIP_vector_type<float, 4u>, at::CUDAGeneratorImpl*, at::native::templates::cuda::normal_and_transform<c10::BFloat16, float, at::CUDAGeneratorImpl*, at::native::templates::cuda::normal_kernel<at::CUDAGeneratorImpl*>(at::TensorBase const&, double, double, at::CUDAGeneratorImpl*)::{lambda()#1}::operator()() const::{lambda()#4}::operator()() const::{lambda(float)#1}>(at::TensorIteratorBase&, at::CUDAGeneratorImpl*, at::native::templates::cuda::normal_kernel<at::CUDAGeneratorImpl*>(at::TensorBase const&, double, double, at::CUDAGeneratorImpl*)::{lambda()#1}::operator()() const::{lambda()#4}::operator()() const::{lambda(float)#1})::{lambda(hiprandStatePhilox4_32_10*)#2}, at::native::templates::cuda::normal_kernel<at::CUDAGeneratorImpl*>(at::TensorBase const&, double, double, at::CUDAGeneratorImpl*)::{lambda()#1}::operator()() const::{lambda()#4}::operator()() const::{lambda(float)#1}>(at::TensorIteratorBase&, at::CUDAGeneratorImpl*, at::native::templates::cuda::normal_and_transform<c10::BFloat16, float, at::CUDAGeneratorImpl*, at::native::templates::cuda::normal_kernel<at::CUDAGeneratorImpl*>(at::TensorBase const&, double, double, at::CUDAGeneratorImpl*)::{lambda()#1}::operator()() const::{lambda()#4}::operator()() const::{lambda(float)#1}>(at::TensorIteratorBase&, at::CUDAGeneratorImpl*, at::native::templates::cuda::normal_kernel<at::CUDAGeneratorImpl*>(at::TensorBase const&, double, double, at::CUDAGeneratorImpl*)::{lambda()#1}::operator()() const::{lambda()#4}::operator()() const::{lambda(float)#1})::{lambda(hiprandStatePhilox4_32_10*)#2} const&, at::native::templates::cuda::normal_kernel<at::CUDAGeneratorImpl*>(at::TensorBase const&, double, double, at::CUDAGeneratorImpl*)::{lambda()#1}::operator()() const::{lambda()#4}::operator()() const::{lambda(float)#1})::{lambda(int, float)#1}>(long, at::PhiloxCudaState, at::native::templates::cuda::normal_and_transform<c10::BFloat16, float, at::CUDAGeneratorImpl*, at::native::templates::cuda::normal_kernel<at::CUDAGeneratorImpl*>(at::TensorBase const&, double, double, at::CUDAGeneratorImpl*)::{lambda()#1}::operator()() const::{lambda()#4}::operator()() const::{lambda(float)#1}>(at::TensorIteratorBase&, at::CUDAGeneratorImpl*, at::native::templates::cuda::normal_kernel<at::CUDAGeneratorImpl*>(at::TensorBase const&, double, double, at::CUDAGeneratorImpl*)::{lambda()#1}::operator()() const::{lambda()#4}::operator()() const::{lambda(float)#1})::{lambda(hiprandStatePhilox4_32_10*)#2}, at::native::(anonymous namespace)::distribution_nullary_kernel<c10::BFloat16, float, HIP_vector_type<float, 4u>, at::CUDAGeneratorImpl*, at::native::templates::cuda::normal_and_transform<c10::BFloat16, float, at::CUDAGeneratorImpl*, at::native::templates::cuda::normal_kernel<at::CUDAGeneratorImpl*>(at::TensorBase const&, double, double, at::CUDAGeneratorImpl*)::{lambda()#1}::operator()() const::{lambda()#4}::operator()() const::{lambda(float)#1}>(at::TensorIteratorBase&, at::CUDAGeneratorImpl*, at::native::templates::cuda::normal_kernel<at::CUDAGeneratorImpl*>(at::TensorBase const&, double, double, at::CUDAGeneratorImpl*)::{lambda()#1}::operator()() const::{lambda()#4}::operator()() const::{lambda(float)#1})::{lambda(hiprandStatePhilox4_32_10*)#2}, at::native::templates::cuda::normal_kernel<at::CUDAGeneratorImpl*>(at::TensorBase const&, double, double, at::CUDAGeneratorImpl*)::{lambda()#1}::operator()() const::{lambda()#4}::operator()() const::{lambda(float)#1}>(at::TensorIteratorBase&, at::CUDAGeneratorImpl*, at::native::templates::cuda::normal_and_transform<c10::BFloat16, float, at::CUDAGeneratorImpl*, at::native::templates::cuda::normal_kernel<at::CUDAGeneratorImpl*>(at::TensorBase const&, double, double, at::CUDAGeneratorImpl*)::{lambda()#1}::operator()() const::{lambda()#4}::operator()() const::{lambda(float)#1}>(at::TensorIteratorBase&, at::CUDAGeneratorImpl*, at::native::templates::cuda::normal_kernel<at::CUDAGeneratorImpl*>(at::TensorBase const&, double, double, at::CUDAGeneratorImpl*)::{lambda()#1}::operator()() const::{lambda()#4}::operator()() const::{lambda(float)#1})::{lambda(hiprandStatePhilox4_32_10*)#2} const&, at::native::templates::cuda::normal_kernel<at::CUDAGeneratorImpl*>(at::TensorBase const&, double, double, at::CUDAGeneratorImpl*)::{lambda()#1}::operator()() const::{lambda()#4}::operator()() const::{lambda(float)#1})::{lambda(int, float)#1}) [clone .kd]",2,0,0,284985,284985,622592,256,0,0,56,0,48,64,0x0,0x7fcf9bc2bf80,9728,49659392,0,68096,917504
1,"void at::native::vectorized_elementwise_kernel<8, at::native::BUnaryFunctor<c10::BFloat16, c10::BFloat16, c10::BFloat16, at::native::binary_internal::MulFunctor<float> >, std::array<char*, 2ul> >(int, at::native::BUnaryFunctor<c10::BFloat16, c10::BFloat16, c10::BFloat16, at::native::binary_internal::MulFunctor<float> >, std::array<char*, 2ul>) [clone .kd]",2,0,1,284985,284985,3670016,256,0,0,28,4,32,64,0x0,0x7fc798647280,57344,6938624,0,172032,229376
2,"void at::native::(anonymous namespace)::distribution_elementwise_grid_stride_kernel<float, 4, at::native::templates::cuda::normal_and_transform<c10::BFloat16, float, at::CUDAGeneratorImpl*, at::native::templates::cuda::normal_kernel<at::CUDAGeneratorImpl*>(at::TensorBase const&, double, double, at::CUDAGeneratorImpl*)::{lambda()#1}::operator()() const::{lambda()#4}::operator()() const::{lambda(float)#1}>(at::TensorIteratorBase&, at::CUDAGeneratorImpl*, at::native::templates::cuda::normal_kernel<at::CUDAGeneratorImpl*>(at::TensorBase const&, double, double, at::CUDAGeneratorImpl*)::{lambda()#1}::operator()() const::{lambda()#4}::operator()() const::{lambda(float)#1})::{lambda(hiprandStatePhilox4_32_10*)#2}, at::native::(anonymous namespace)::distribution_nullary_kernel<c10::BFloat16, float, HIP_vector_type<float, 4u>, at::CUDAGeneratorImpl*, at::native::templates::cuda::normal_and_transform<c10::BFloat16, float, at::CUDAGeneratorImpl*, at::native::templates::cuda::normal_kernel<at::CUDAGeneratorImpl*>(at::TensorBase const&, double, double, at::CUDAGeneratorImpl*)::{lambda()#1}::operator()() const::{lambda()#4}::operator()() const::{lambda(float)#1}>(at::TensorIteratorBase&, at::CUDAGeneratorImpl*, at::native::templates::cuda::normal_kernel<at::CUDAGeneratorImpl*>(at::TensorBase const&, double, double, at::CUDAGeneratorImpl*)::{lambda()#1}::operator()() const::{lambda()#4}::operator()() const::{lambda(float)#1})::{lambda(hiprandStatePhilox4_32_10*)#2}, at::native::templates::cuda::normal_kernel<at::CUDAGeneratorImpl*>(at::TensorBase const&, double, double, at::CUDAGeneratorImpl*)::{lambda()#1}::operator()() const::{lambda()#4}::operator()() const::{lambda(float)#1}>(at::TensorIteratorBase&, at::CUDAGeneratorImpl*, at::native::templates::cuda::normal_and_transform<c10::BFloat16, float, at::CUDAGeneratorImpl*, at::native::templates::cuda::normal_kernel<at::CUDAGeneratorImpl*>(at::TensorBase const&, double, double, at::CUDAGeneratorImpl*)::{lambda()#1}::operator()() const::{lambda()#4}::operator()() const::{lambda(float)#1}>(at::TensorIteratorBase&, at::CUDAGeneratorImpl*, at::native::templates::cuda::normal_kernel<at::CUDAGeneratorImpl*>(at::TensorBase const&, double, double, at::CUDAGeneratorImpl*)::{lambda()#1}::operator()() const::{lambda()#4}::operator()() const::{lambda(float)#1})::{lambda(hiprandStatePhilox4_32_10*)#2} const&, at::native::templates::cuda::normal_kernel<at::CUDAGeneratorImpl*>(at::TensorBase const&, double, double, at::CUDAGeneratorImpl*)::{lambda()#1}::operator()() const::{lambda()#4}::operator()() const::{lambda(float)#1})::{lambda(int, float)#1}>(long, at::PhiloxCudaState, at::native::templates::cuda::normal_and_transform<c10::BFloat16, float, at::CUDAGeneratorImpl*, at::native::templates::cuda::normal_kernel<at::CUDAGeneratorImpl*>(at::TensorBase const&, double, double, at::CUDAGeneratorImpl*)::{lambda()#1}::operator()() const::{lambda()#4}::operator()() const::{lambda(float)#1}>(at::TensorIteratorBase&, at::CUDAGeneratorImpl*, at::native::templates::cuda::normal_kernel<at::CUDAGeneratorImpl*>(at::TensorBase const&, double, double, at::CUDAGeneratorImpl*)::{lambda()#1}::operator()() const::{lambda()#4}::operator()() const::{lambda(float)#1})::{lambda(hiprandStatePhilox4_32_10*)#2}, at::native::(anonymous namespace)::distribution_nullary_kernel<c10::BFloat16, float, HIP_vector_type<float, 4u>, at::CUDAGeneratorImpl*, at::native::templates::cuda::normal_and_transform<c10::BFloat16, float, at::CUDAGeneratorImpl*, at::native::templates::cuda::normal_kernel<at::CUDAGeneratorImpl*>(at::TensorBase const&, double, double, at::CUDAGeneratorImpl*)::{lambda()#1}::operator()() const::{lambda()#4}::operator()() const::{lambda(float)#1}>(at::TensorIteratorBase&, at::CUDAGeneratorImpl*, at::native::templates::cuda::normal_kernel<at::CUDAGeneratorImpl*>(at::TensorBase const&, double, double, at::CUDAGeneratorImpl*)::{lambda()#1}::operator()() const::{lambda()#4}::operator()() const::{lambda(float)#1})::{lambda(hiprandStatePhilox4_32_10*)#2}, at::native::templates::cuda::normal_kernel<at::CUDAGeneratorImpl*>(at::TensorBase const&, double, double, at::CUDAGeneratorImpl*)::{lambda()#1}::operator()() const::{lambda()#4}::operator()() const::{lambda(float)#1}>(at::TensorIteratorBase&, at::CUDAGeneratorImpl*, at::native::templates::cuda::normal_and_transform<c10::BFloat16, float, at::CUDAGeneratorImpl*, at::native::templates::cuda::normal_kernel<at::CUDAGeneratorImpl*>(at::TensorBase const&, double, double, at::CUDAGeneratorImpl*)::{lambda()#1}::operator()() const::{lambda()#4}::operator()() const::{lambda(float)#1}>(at::TensorIteratorBase&, at::CUDAGeneratorImpl*, at::native::templates::cuda::normal_kernel<at::CUDAGeneratorImpl*>(at::TensorBase const&, double, double, at::CUDAGeneratorImpl*)::{lambda()#1}::operator()() const::{lambda()#4}::operator()() const::{lambda(float)#1})::{lambda(hiprandStatePhilox4_32_10*)#2} const&, at::native::templates::cuda::normal_kernel<at::CUDAGeneratorImpl*>(at::TensorBase const&, double, double, at::CUDAGeneratorImpl*)::{lambda()#1}::operator()() const::{lambda()#4}::operator()() const::{lambda(float)#1})::{lambda(int, float)#1}) [clone .kd]",2,0,2,284985,284985,622592,256,0,0,56,0,48,64,0x0,0x7fcf9bc2bf80,9728,769247744,0,68096,14680064
3,"void at::native::vectorized_elementwise_kernel<8, at::native::BUnaryFunctor<c10::BFloat16, c10::BFloat16, c10::BFloat16, at::native::binary_internal::MulFunctor<float> >, std::array<char*, 2ul> >(int, at::native::BUnaryFunctor<c10::BFloat16, c10::BFloat16, c10::BFloat16, at::native::binary_internal::MulFunctor<float> >, std::array<char*, 2ul>) [clone .kd]",2,0,3,284985,284985,58720256,256,0,0,28,4,32,64,0x0,0x7fc798647280,917504,111017984,0,2752512,3670016
4,"void at::native::(anonymous namespace)::distribution_elementwise_grid_stride_kernel<float, 4, at::native::templates::cuda::normal_and_transform<c10::BFloat16, float, at::CUDAGeneratorImpl*, at::native::templates::cuda::normal_kernel<at::CUDAGeneratorImpl*>(at::TensorBase const&, double, double, at::CUDAGeneratorImpl*)::{lambda()#1}::operator()() const::{lambda()#4}::operator()() const::{lambda(float)#1}>(at::TensorIteratorBase&, at::CUDAGeneratorImpl*, at::native::templates::cuda::normal_kernel<at::CUDAGeneratorImpl*>(at::TensorBase const&, double, double, at::CUDAGeneratorImpl*)::{lambda()#1}::operator()() const::{lambda()#4}::operator()() const::{lambda(float)#1})::{lambda(hiprandStatePhilox4_32_10*)#2}, at::native::(anonymous namespace)::distribution_nullary_kernel<c10::BFloat16, float, HIP_vector_type<float, 4u>, at::CUDAGeneratorImpl*, at::native::templates::cuda::normal_and_transform<c10::BFloat16, float, at::CUDAGeneratorImpl*, at::native::templates::cuda::normal_kernel<at::CUDAGeneratorImpl*>(at::TensorBase const&, double, double, at::CUDAGeneratorImpl*)::{lambda()#1}::operator()() const::{lambda()#4}::operator()() const::{lambda(float)#1}>(at::TensorIteratorBase&, at::CUDAGeneratorImpl*, at::native::templates::cuda::normal_kernel<at::CUDAGeneratorImpl*>(at::TensorBase const&, double, double, at::CUDAGeneratorImpl*)::{lambda()#1}::operator()() const::{lambda()#4}::operator()() const::{lambda(float)#1})::{lambda(hiprandStatePhilox4_32_10*)#2}, at::native::templates::cuda::normal_kernel<at::CUDAGeneratorImpl*>(at::TensorBase const&, double, double, at::CUDAGeneratorImpl*)::{lambda()#1}::operator()() const::{lambda()#4}::operator()() const::{lambda(float)#1}>(at::TensorIteratorBase&, at::CUDAGeneratorImpl*, at::native::templates::cuda::normal_and_transform<c10::BFloat16, float, at::CUDAGeneratorImpl*, at::native::templates::cuda::normal_kernel<at::CUDAGeneratorImpl*>(at::TensorBase const&, double, double, at::CUDAGeneratorImpl*)::{lambda()#1}::operator()() const::{lambda()#4}::operator()() const::{lambda(float)#1}>(at::TensorIteratorBase&, at::CUDAGeneratorImpl*, at::native::templates::cuda::normal_kernel<at::CUDAGeneratorImpl*>(at::TensorBase const&, double, double, at::CUDAGeneratorImpl*)::{lambda()#1}::operator()() const::{lambda()#4}::operator()() const::{lambda(float)#1})::{lambda(hiprandStatePhilox4_32_10*)#2} const&, at::native::templates::cuda::normal_kernel<at::CUDAGeneratorImpl*>(at::TensorBase const&, double, double, at::CUDAGeneratorImpl*)::{lambda()#1}::operator()() const::{lambda()#4}::operator()() const::{lambda(float)#1})::{lambda(int, float)#1}>(long, at::PhiloxCudaState, at::native::templates::cuda::normal_and_transform<c10::BFloat16, float, at::CUDAGeneratorImpl*, at::native::templates::cuda::normal_kernel<at::CUDAGeneratorImpl*>(at::TensorBase const&, double, double, at::CUDAGeneratorImpl*)::{lambda()#1}::operator()() const::{lambda()#4}::operator()() const::{lambda(float)#1}>(at::TensorIteratorBase&, at::CUDAGeneratorImpl*, at::native::templates::cuda::normal_kernel<at::CUDAGeneratorImpl*>(at::TensorBase const&, double, double, at::CUDAGeneratorImpl*)::{lambda()#1}::operator()() const::{lambda()#4}::operator()() const::{lambda(float)#1})::{lambda(hiprandStatePhilox4_32_10*)#2}, at::native::(anonymous namespace)::distribution_nullary_kernel<c10::BFloat16, float, HIP_vector_type<float, 4u>, at::CUDAGeneratorImpl*, at::native::templates::cuda::normal_and_transform<c10::BFloat16, float, at::CUDAGeneratorImpl*, at::native::templates::cuda::normal_kernel<at::CUDAGeneratorImpl*>(at::TensorBase const&, double, double, at::CUDAGeneratorImpl*)::{lambda()#1}::operator()() const::{lambda()#4}::operator()() const::{lambda(float)#1}>(at::TensorIteratorBase&, at::CUDAGeneratorImpl*, at::native::templates::cuda::normal_kernel<at::CUDAGeneratorImpl*>(at::TensorBase const&, double, double, at::CUDAGeneratorImpl*)::{lambda()#1}::operator()() const::{lambda()#4}::operator()() const::{lambda(float)#1})::{lambda(hiprandStatePhilox4_32_10*)#2}, at::native::templates::cuda::normal_kernel<at::CUDAGeneratorImpl*>(at::TensorBase const&, double, double, at::CUDAGeneratorImpl*)::{lambda()#1}::operator()() const::{lambda()#4}::operator()() const::{lambda(float)#1}>(at::TensorIteratorBase&, at::CUDAGeneratorImpl*, at::native::templates::cuda::normal_and_transform<c10::BFloat16, float, at::CUDAGeneratorImpl*, at::native::templates::cuda::normal_kernel<at::CUDAGeneratorImpl*>(at::TensorBase const&, double, double, at::CUDAGeneratorImpl*)::{lambda()#1}::operator()() const::{lambda()#4}::operator()() const::{lambda(float)#1}>(at::TensorIteratorBase&, at::CUDAGeneratorImpl*, at::native::templates::cuda::normal_kernel<at::CUDAGeneratorImpl*>(at::TensorBase const&, double, double, at::CUDAGeneratorImpl*)::{lambda()#1}::operator()() const::{lambda()#4}::operator()() const::{lambda(float)#1})::{lambda(hiprandStatePhilox4_32_10*)#2} const&, at::native::templates::cuda::normal_kernel<at::CUDAGeneratorImpl*>(at::TensorBase const&, double, double, at::CUDAGeneratorImpl*)::{lambda()#1}::operator()() const::{lambda()#4}::operator()() const::{lambda(float)#1})::{lambda(int, float)#1}) [clone .kd]",2,0,4,284985,284985,622592,256,0,0,56,0,48,64,0x0,0x7fcf9bc2bf80,9728,385154048,0,68096,7340032
5,"void at::native::vectorized_elementwise_kernel<8, at::native::BUnaryFunctor<c10::BFloat16, c10::BFloat16, c10::BFloat16, at::native::binary_internal::MulFunctor<float> >, std::array<char*, 2ul> >(int, at::native::BUnaryFunctor<c10::BFloat16, c10::BFloat16, c10::BFloat16, at::native::binary_internal::MulFunctor<float> >, std::array<char*, 2ul>) [clone .kd]",2,0,5,284985,284985,29360128,256,0,0,28,4,32,64,0x0,0x7fc798647280,458752,55508992,0,1376256,1835008
6,"void at::native::elementwise_kernel_manual_unroll<128, 8, at::native::gpu_kernel_impl_nocast<at::native::direct_copy_kernel_cuda(at::TensorIteratorBase&)::{lambda()#3}::operator()() const::{lambda()#12}::operator()() const::{lambda(c10::BFloat16)#1}>(at::TensorIteratorBase&, at::native::direct_copy_kernel_cuda(at::TensorIteratorBase&)::{lambda()#3}::operator()() const::{lambda()#12}::operator()() const::{lambda(c10::BFloat16)#1} const&)::{lambda(int, bool)#1}>(int, at::native::gpu_kernel_impl_nocast<at::native::direct_copy_kernel_cuda(at::TensorIteratorBase&)::{lambda()#3}::operator()() const::{lambda()#12}::operator()() const::{lambda(c10::BFloat16)#1}>(at::TensorIteratorBase&, at::native::direct_copy_kernel_cuda(at::TensorIteratorBase&)::{lambda()#3}::operator()() const::{lambda()#12}::operator()() const::{lambda(c10::BFloat16)#1} const&)::{lambda(int, bool)#1}) [clone .kd]",2,0,6,284985,284985,117440512,128,0,0,36,4,80,64,0x0,0x7f8e1926fbc0,1835008,578027520,0,49545216,29360128
7,"void at::native::elementwise_kernel_manual_unroll<128, 4, at::native::gpu_kernel_impl<at::native::direct_copy_kernel_cuda(at::TensorIteratorBase&)::{lambda()#3}::operator()() const::{lambda()#7}::operator()() const::{lambda(float)#1}>(at::TensorIteratorBase&, at::native::direct_copy_kernel_cuda(at::TensorIteratorBase&)::{lambda()#3}::operator()() const::{lambda()#7}::operator()() const::{lambda(float)#1} const&)::{lambda(int, bool)#1}>(int, at::native::gpu_kernel_impl<at::native::direct_copy_kernel_cuda(at::TensorIteratorBase&)::{lambda()#3}::operator()() const::{lambda()#7}::operator()() const::{lambda(float)#1}>(at::TensorIteratorBase&, at::native::direct_copy_kernel_cuda(at::TensorIteratorBase&)::{lambda()#3}::operator()() const::{lambda()#7}::operator()() const::{lambda(float)#1} const&)::{lambda(int, bool)#1}) [clone .kd]",2,0,7,284985,284985,117440512,128,0,0,16,0,64,64,0x0,0x7f8e1926f200,1835008,60555264,0,5505024,16515072
8,"void at::native::elementwise_kernel_manual_unroll<128, 4, at::native::gpu_kernel_impl<at::native::direct_copy_kernel_cuda(at::TensorIteratorBase&)::{lambda()#3}::operator()() const::{lambda()#7}::operator()() const::{lambda(float)#1}>(at::TensorIteratorBase&, at::native::direct_copy_kernel_cuda(at::TensorIteratorBase&)::{lambda()#3}::operator()() const::{lambda()#7}::operator()() const::{lambda(float)#1} const&)::{lambda(int, bool)#1}>(int, at::native::gpu_kernel_impl<at::native::direct_copy_kernel_cuda(at::TensorIteratorBase&)::{lambda()#3}::operator()() const::{lambda()#7}::operator()() const::{lambda(float)#1}>(at::TensorIteratorBase&, at::native::direct_copy_kernel_cuda(at::TensorIteratorBase&)::{lambda()#3}::operator()() const::{lambda()#7}::operator()() const::{lambda(float)#1} const&)::{lambda(int, bool)#1}) [clone .kd]",2,0,8,284985,284985,117440512,128,0,0,16,0,64,64,0x0,0x7f8e1926f200,1835008,60555264,0,5505024,16515072
9,"void at::native::vectorized_elementwise_kernel<4, at::native::AbsFunctor<float>, std::array<char*, 2ul> >(int, at::native::AbsFunctor<float>, std::array<char*, 2ul>) [clone .kd]",2,0,9,284985,284985,29360128,256,0,0,24,0,32,64,0x0,0x7fcf9b095a00,458752,13762560,0,917504,3670016
10,"void at::native::vectorized_elementwise_kernel<4, at::native::AbsFunctor<float>, std::array<char*, 2ul> >(int, at::native::AbsFunctor<float>, std::array<char*, 2ul>) [clone .kd]",2,0,10,284985,284985,29360128,256,0,0,24,0,32,64,0x0,0x7fcf9b095a00,458752,13762560,0,917504,3670016
11,"void at::native::reduce_kernel<512, 1, at::native::ReduceOp<float, at::native::MaxOps<float>, unsigned int, float, 4, 4> >(at::native::ReduceOp<float, at::native::MaxOps<float>, unsigned int, float, 4, 4>) [clone .kd]",2,0,11,284985,284985,14680064,512,8704,0,40,0,80,64,0x0,0x7fc799218d40,229376,172978176,0,5160960,1892352
12,"void at::native::reduce_kernel<512, 1, at::native::ReduceOp<float, at::native::MaxOps<float>, unsigned int, float, 4, 4> >(at::native::ReduceOp<float, at::native::MaxOps<float>, unsigned int, float, 4, 4>) [clone .kd]",2,0,12,284985,284985,14680064,512,8704,0,40,0,80,64,0x0,0x7fc799218d40,229376,172978176,0,5160960,1892352
13,"void at::native::vectorized_elementwise_kernel<4, at::native::BUnaryFunctor<float, float, float, at::native::binary_internal::MulFunctor<float> >, std::array<char*, 2ul> >(int, at::native::BUnaryFunctor<float, float, float, at::native::binary_internal::MulFunctor<float> >, std::array<char*, 2ul>) [clone .kd]",2,0,13,284985,284985,3584,256,0,0,24,0,32,64,0x0,0x7fc798646ac0,56,1232,0,168,448
14,"void at::native::vectorized_elementwise_kernel<4, at::native::AUnaryFunctor<float, float, bool, at::native::(anonymous namespace)::CompareEqFunctor<float> >, std::array<char*, 2ul> >(int, at::native::AUnaryFunctor<float, float, bool, at::native::(anonymous namespace)::CompareEqFunctor<float> >, std::array<char*, 2ul>) [clone .kd]",2,0,14,284985,284985,3584,256,0,0,24,0,32,64,0x0,0x7f8c5706a280,56,7672,0,56,448
15,"void at::native::vectorized_elementwise_kernel<4, at::native::(anonymous namespace)::masked_fill_kernel(at::TensorIterator&, c10::Scalar const&)::{lambda()#1}::operator()() const::{lambda()#7}::operator()() const::{lambda(float, bool)#1}, std::array<char*, 3ul> >(int, at::native::(anonymous namespace)::masked_fill_kernel(at::TensorIterator&, c10::Scalar const&)::{lambda()#1}::operator()() const::{lambda()#7}::operator()() const::{lambda(float, bool)#1}, std::array<char*, 3ul>) [clone .kd]",2,0,15,284985,284985,3584,256,0,0,36,4,32,64,0x0,0x7f8c564a5b00,56,3136,0,168,672
16,"void at::native::elementwise_kernel_manual_unroll<128, 4, at::native::gpu_kernel_impl_nocast<at::native::BinaryFunctor<float, float, float, at::native::binary_internal::DivFunctor<float> > >(at::TensorIteratorBase&, at::native::BinaryFunctor<float, float, float, at::native::binary_internal::DivFunctor<float> > const&)::{lambda(int, bool)#1}>(int, at::native::gpu_kernel_impl_nocast<at::native::BinaryFunctor<float, float, float, at::native::binary_internal::DivFunctor<float> > >(at::TensorIteratorBase&, at::native::BinaryFunctor<float, float, float, at::native::binary_internal::DivFunctor<float> > const&)::{lambda(int, bool)#1}) [clone .kd]",2,0,16,284985,284985,117440512,128,0,0,32,0,64,64,0x0,0x7fc798647f80,1835008,211025920,0,36700160,22020096
17,"void at::native::elementwise_kernel_manual_unroll<128, 4, at::native::gpu_kernel_impl_nocast<at::native::BinaryFunctor<float, float, float, at::native::binary_internal::DivFunctor<float> > >(at::TensorIteratorBase&, at::native::BinaryFunctor<float, float, float, at::native::binary_internal::DivFunctor<float> > const&)::{lambda(int, bool)#1}>(int, at::native::gpu_kernel_impl_nocast<at::native::BinaryFunctor<float, float, float, at::native::binary_internal::DivFunctor<float> > >(at::TensorIteratorBase&, at::native::BinaryFunctor<float, float, float, at::native::binary_internal::DivFunctor<float> > const&)::{lambda(int, bool)#1}) [clone .kd]",2,0,17,284985,284985,117440512,128,0,0,32,0,64,64,0x0,0x7fc798647f80,1835008,211025920,0,36700160,22020096
18,"void at::native::vectorized_elementwise_kernel<4, at::native::float8_copy_kernel_cuda(at::TensorIteratorBase&)::{lambda(float)#3}, std::array<char*, 2ul> >(int, at::native::float8_copy_kernel_cuda(at::TensorIteratorBase&)::{lambda(float)#3}, std::array<char*, 2ul>) [clone .kd]",2,0,18,284985,284985,29360128,256,0,0,24,0,32,64,0x0,0x7f8e1926c400,458752,85478649,0,917504,3670016
19,"void at::native::vectorized_elementwise_kernel<4, at::native::float8_copy_kernel_cuda(at::TensorIteratorBase&)::{lambda(float)#3}, std::array<char*, 2ul> >(int, at::native::float8_copy_kernel_cuda(at::TensorIteratorBase&)::{lambda(float)#3}, std::array<char*, 2ul>) [clone .kd]",2,0,19,284985,284985,29360128,256,0,0,24,0,32,64,0x0,0x7f8e1926c400,458752,85478235,0,917504,3670016
20,"void at::native::elementwise_kernel_manual_unroll<128, 8, at::native::gpu_kernel_impl_nocast<at::native::float8_copy_kernel_cuda(at::TensorIteratorBase&)::{lambda(c10::Float8_e4m3fnuz)#1}>(at::TensorIteratorBase&, at::native::float8_copy_kernel_cuda(at::TensorIteratorBase&)::{lambda(c10::Float8_e4m3fnuz)#1} const&)::{lambda(int, bool)#1}>(int, at::native::gpu_kernel_impl_nocast<at::native::float8_copy_kernel_cuda(at::TensorIteratorBase&)::{lambda(c10::Float8_e4m3fnuz)#1}>(at::TensorIteratorBase&, at::native::float8_copy_kernel_cuda(at::TensorIteratorBase&)::{lambda(c10::Float8_e4m3fnuz)#1} const&)::{lambda(int, bool)#1}) [clone .kd]",2,0,20,284985,284985,117440512,128,0,0,36,4,80,64,0x0,0x7f8e1926c940,1835008,578027520,0,49545216,29360128
21,"void at::native::elementwise_kernel_manual_unroll<128, 8, at::native::gpu_kernel_impl_nocast<at::native::direct_copy_kernel_cuda(at::TensorIteratorBase&)::{lambda()#3}::operator()() const::{lambda()#12}::operator()() const::{lambda(c10::BFloat16)#1}>(at::TensorIteratorBase&, at::native::direct_copy_kernel_cuda(at::TensorIteratorBase&)::{lambda()#3}::operator()() const::{lambda()#12}::operator()() const::{lambda(c10::BFloat16)#1} const&)::{lambda(int, bool)#1}>(int, at::native::gpu_kernel_impl_nocast<at::native::direct_copy_kernel_cuda(at::TensorIteratorBase&)::{lambda()#3}::operator()() const::{lambda()#12}::operator()() const::{lambda(c10::BFloat16)#1}>(at::TensorIteratorBase&, at::native::direct_copy_kernel_cuda(at::TensorIteratorBase&)::{lambda()#3}::operator()() const::{lambda()#12}::operator()() const::{lambda(c10::BFloat16)#1} const&)::{lambda(int, bool)#1}) [clone .kd]",2,0,21,284985,284985,58720256,128,0,0,36,4,80,64,0x0,0x7f8e1926fbc0,917504,289013760,0,24772608,14680064
22,"void at::native::elementwise_kernel_manual_unroll<128, 4, at::native::gpu_kernel_impl<at::native::direct_copy_kernel_cuda(at::TensorIteratorBase&)::{lambda()#3}::operator()() const::{lambda()#7}::operator()() const::{lambda(float)#1}>(at::TensorIteratorBase&, at::native::direct_copy_kernel_cuda(at::TensorIteratorBase&)::{lambda()#3}::operator()() const::{lambda()#7}::operator()() const::{lambda(float)#1} const&)::{lambda(int, bool)#1}>(int, at::native::gpu_kernel_impl<at::native::direct_copy_kernel_cuda(at::TensorIteratorBase&)::{lambda()#3}::operator()() const::{lambda()#7}::operator()() const::{lambda(float)#1}>(at::TensorIteratorBase&, at::native::direct_copy_kernel_cuda(at::TensorIteratorBase&)::{lambda()#3}::operator()() const::{lambda()#7}::operator()() const::{lambda(float)#1} const&)::{lambda(int, bool)#1}) [clone .kd]",2,0,22,284985,284985,117440512,128,0,0,16,0,64,64,0x0,0x7f8e1926f200,1835008,60555264,0,5505024,16515072
23,"void at::native::vectorized_elementwise_kernel<4, at::native::AbsFunctor<float>, std::array<char*, 2ul> >(int, at::native::AbsFunctor<float>, std::array<char*, 2ul>) [clone .kd]",2,0,23,284985,284985,29360128,256,0,0,24,0,32,64,0x0,0x7fcf9b095a00,458752,13762560,0,917504,3670016
24,"void at::native::reduce_kernel<512, 1, at::native::ReduceOp<float, at::native::MaxOps<float>, unsigned int, float, 4, 4> >(at::native::ReduceOp<float, at::native::MaxOps<float>, unsigned int, float, 4, 4>) [clone .kd]",2,0,24,284985,284985,14680064,512,8704,0,40,0,80,64,0x0,0x7fc799218d40,229376,162656256,0,5160960,1892352
25,"void at::native::vectorized_elementwise_kernel<4, at::native::BUnaryFunctor<float, float, float, at::native::binary_internal::MulFunctor<float> >, std::array<char*, 2ul> >(int, at::native::BUnaryFunctor<float, float, float, at::native::binary_internal::MulFunctor<float> >, std::array<char*, 2ul>) [clone .kd]",2,0,25,284985,284985,1792,256,0,0,24,0,32,64,0x0,0x7fc798646ac0,28,616,0,84,224
26,"void at::native::vectorized_elementwise_kernel<4, at::native::AUnaryFunctor<float, float, bool, at::native::(anonymous namespace)::CompareEqFunctor<float> >, std::array<char*, 2ul> >(int, at::native::AUnaryFunctor<float, float, bool, at::native::(anonymous namespace)::CompareEqFunctor<float> >, std::array<char*, 2ul>) [clone .kd]",2,0,26,284985,284985,1792,256,0,0,24,0,32,64,0x0,0x7f8c5706a280,28,3836,0,28,224
27,"void at::native::vectorized_elementwise_kernel<4, at::native::(anonymous namespace)::masked_fill_kernel(at::TensorIterator&, c10::Scalar const&)::{lambda()#1}::operator()() const::{lambda()#7}::operator()() const::{lambda(float, bool)#1}, std::array<char*, 3ul> >(int, at::native::(anonymous namespace)::masked_fill_kernel(at::TensorIterator&, c10::Scalar const&)::{lambda()#1}::operator()() const::{lambda()#7}::operator()() const::{lambda(float, bool)#1}, std::array<char*, 3ul>) [clone .kd]",2,0,27,284985,284985,1792,256,0,0,36,4,32,64,0x0,0x7f8c564a5b00,28,1568,0,84,336
28,"void at::native::elementwise_kernel_manual_unroll<128, 4, at::native::gpu_kernel_impl_nocast<at::native::BinaryFunctor<float, float, float, at::native::binary_internal::DivFunctor<float> > >(at::TensorIteratorBase&, at::native::BinaryFunctor<float, float, float, at::native::binary_internal::DivFunctor<float> > const&)::{lambda(int, bool)#1}>(int, at::native::gpu_kernel_impl_nocast<at::native::BinaryFunctor<float, float, float, at::native::binary_internal::DivFunctor<float> > >(at::TensorIteratorBase&, at::native::BinaryFunctor<float, float, float, at::native::binary_internal::DivFunctor<float> > const&)::{lambda(int, bool)#1}) [clone .kd]",2,0,28,284985,284985,117440512,128,0,0,32,0,64,64,0x0,0x7fc798647f80,1835008,211025920,0,36700160,22020096
29,"void at::native::vectorized_elementwise_kernel<4, at::native::float8_copy_kernel_cuda(at::TensorIteratorBase&)::{lambda(float)#3}, std::array<char*, 2ul> >(int, at::native::float8_copy_kernel_cuda(at::TensorIteratorBase&)::{lambda(float)#3}, std::array<char*, 2ul>) [clone .kd]",2,0,29,284985,284985,29360128,256,0,0,24,0,32,64,0x0,0x7f8e1926c400,458752,85477965,0,917504,3670016
30,"void at::native::elementwise_kernel_manual_unroll<128, 8, at::native::gpu_kernel_impl_nocast<at::native::float8_copy_kernel_cuda(at::TensorIteratorBase&)::{lambda(c10::Float8_e4m3fnuz)#1}>(at::TensorIteratorBase&, at::native::float8_copy_kernel_cuda(at::TensorIteratorBase&)::{lambda(c10::Float8_e4m3fnuz)#1} const&)::{lambda(int, bool)#1}>(int, at::native::gpu_kernel_impl_nocast<at::native::float8_copy_kernel_cuda(at::TensorIteratorBase&)::{lambda(c10::Float8_e4m3fnuz)#1}>(at::TensorIteratorBase&, at::native::float8_copy_kernel_cuda(at::TensorIteratorBase&)::{lambda(c10::Float8_e4m3fnuz)#1} const&)::{lambda(int, bool)#1}) [clone .kd]",2,0,30,284985,284985,58720256,128,0,0,36,4,80,64,0x0,0x7f8e1926c940,917504,289013760,0,24772608,14680064
31,"void at::native::(anonymous namespace)::distribution_elementwise_grid_stride_kernel<float, 4, at::native::templates::cuda::normal_and_transform<float, float, at::CUDAGeneratorImpl*, at::native::templates::cuda::normal_kernel<at::CUDAGeneratorImpl*>(at::TensorBase const&, double, double, at::CUDAGeneratorImpl*)::{lambda()#1}::operator()() const::{lambda()#2}::operator()() const::{lambda(float)#1}>(at::TensorIteratorBase&, at::CUDAGeneratorImpl*, at::native::templates::cuda::normal_kernel<at::CUDAGeneratorImpl*>(at::TensorBase const&, double, double, at::CUDAGeneratorImpl*)::{lambda()#1}::operator()() const::{lambda()#2}::operator()() const::{lambda(float)#1})::{lambda(hiprandStatePhilox4_32_10*)#2}, at::native::(anonymous namespace)::distribution_nullary_kernel<float, float, HIP_vector_type<float, 4u>, at::CUDAGeneratorImpl*, at::native::templates::cuda::normal_and_transform<float, float, at::CUDAGeneratorImpl*, at::native::templates::cuda::normal_kernel<at::CUDAGeneratorImpl*>(at::TensorBase const&, double, double, at::CUDAGeneratorImpl*)::{lambda()#1}::operator()() const::{lambda()#2}::operator()() const::{lambda(float)#1}>(at::TensorIteratorBase&, at::CUDAGeneratorImpl*, at::native::templates::cuda::normal_kernel<at::CUDAGeneratorImpl*>(at::TensorBase const&, double, double, at::CUDAGeneratorImpl*)::{lambda()#1}::operator()() const::{lambda()#2}::operator()() const::{lambda(float)#1})::{lambda(hiprandStatePhilox4_32_10*)#2}, at::native::templates::cuda::normal_kernel<at::CUDAGeneratorImpl*>(at::TensorBase const&, double, double, at::CUDAGeneratorImpl*)::{lambda()#1}::operator()() const::{lambda()#2}::operator()() const::{lambda(float)#1}>(at::TensorIteratorBase&, at::CUDAGeneratorImpl*, at::native::templates::cuda::normal_and_transform<float, float, at::CUDAGeneratorImpl*, at::native::templates::cuda::normal_kernel<at::CUDAGeneratorImpl*>(at::TensorBase const&, double, double, at::CUDAGeneratorImpl*)::{lambda()#1}::operator()() const::{lambda()#2}::operator()() const::{lambda(float)#1}>(at::TensorIteratorBase&, at::CUDAGeneratorImpl*, at::native::templates::cuda::normal_kernel<at::CUDAGeneratorImpl*>(at::TensorBase const&, double, double, at::CUDAGeneratorImpl*)::{lambda()#1}::operator()() const::{lambda()#2}::operator()() const::{lambda(float)#1})::{lambda(hiprandStatePhilox4_32_10*)#2} const&, at::native::templates::cuda::normal_kernel<at::CUDAGeneratorImpl*>(at::TensorBase const&, double, double, at::CUDAGeneratorImpl*)::{lambda()#1}::operator()() const::{lambda()#2}::operator()() const::{lambda(float)#1})::{lambda(int, float)#1}>(long, at::PhiloxCudaState, at::native::templates::cuda::normal_and_transform<float, float, at::CUDAGeneratorImpl*, at::native::templates::cuda::normal_kernel<at::CUDAGeneratorImpl*>(at::TensorBase const&, double, double, at::CUDAGeneratorImpl*)::{lambda()#1}::operator()() const::{lambda()#2}::operator()() const::{lambda(float)#1}>(at::TensorIteratorBase&, at::CUDAGeneratorImpl*, at::native::templates::cuda::normal_kernel<at::CUDAGeneratorImpl*>(at::TensorBase const&, double, double, at::CUDAGeneratorImpl*)::{lambda()#1}::operator()() const::{lambda()#2}::operator()() const::{lambda(float)#1})::{lambda(hiprandStatePhilox4_32_10*)#2}, at::native::(anonymous namespace)::distribution_nullary_kernel<float, float, HIP_vector_type<float, 4u>, at::CUDAGeneratorImpl*, at::native::templates::cuda::normal_and_transform<float, float, at::CUDAGeneratorImpl*, at::native::templates::cuda::normal_kernel<at::CUDAGeneratorImpl*>(at::TensorBase const&, double, double, at::CUDAGeneratorImpl*)::{lambda()#1}::operator()() const::{lambda()#2}::operator()() const::{lambda(float)#1}>(at::TensorIteratorBase&, at::CUDAGeneratorImpl*, at::native::templates::cuda::normal_kernel<at::CUDAGeneratorImpl*>(at::TensorBase const&, double, double, at::CUDAGeneratorImpl*)::{lambda()#1}::operator()() const::{lambda()#2}::operator()() const::{lambda(float)#1})::{lambda(hiprandStatePhilox4_32_10*)#2}, at::native::templates::cuda::normal_kernel<at::CUDAGeneratorImpl*>(at::TensorBase const&, double, double, at::CUDAGeneratorImpl*)::{lambda()#1}::operator()() const::{lambda()#2}::operator()() const::{lambda(float)#1}>(at::TensorIteratorBase&, at::CUDAGeneratorImpl*, at::native::templates::cuda::normal_and_transform<float, float, at::CUDAGeneratorImpl*, at::native::templates::cuda::normal_kernel<at::CUDAGeneratorImpl*>(at::TensorBase const&, double, double, at::CUDAGeneratorImpl*)::{lambda()#1}::operator()() const::{lambda()#2}::operator()() const::{lambda(float)#1}>(at::TensorIteratorBase&, at::CUDAGeneratorImpl*, at::native::templates::cuda::normal_kernel<at::CUDAGeneratorImpl*>(at::TensorBase const&, double, double, at::CUDAGeneratorImpl*)::{lambda()#1}::operator()() const::{lambda()#2}::operator()() const::{lambda(float)#1})::{lambda(hiprandStatePhilox4_32_10*)#2} const&, at::native::templates::cuda::normal_kernel<at::CUDAGeneratorImpl*>(at::TensorBase const&, double, double, at::CUDAGeneratorImpl*)::{lambda()#1}::operator()() const::{lambda()#2}::operator()() const::{lambda(float)#1})::{lambda(int, float)#1}) [clone .kd]",2,0,31,284985,284985,622592,256,0,0,56,0,48,64,0x0,0x7fcf9bc2bd80,9728,2846208,0,68096,32768
32,"_ZN5aiter19topksoftmax_4x256x8E.kd",2,0,32,284985,284985,524288,256,0,0,24,0,112,64,0x0,0x7fcf9b1f4b40,8192,1630208,0,65536,49152
33,"void ck_tile::kentry<2, ck_tile::MoeSortingClearWorkspaceKernel<ck_tile::MoeSortingClearWorkspaceProblem<false, 1024, 1> >, ck_tile::MoeSortingClearWorkspaceKernel<ck_tile::MoeSortingClearWorkspaceProblem<false, 1024, 1> >::Kargs>(ck_tile::MoeSortingClearWorkspaceKernel<ck_tile::MoeSortingClearWorkspaceProblem<false, 1024, 1> >::Kargs) [clone .kd]",2,0,33,284985,284985,311296,1024,0,0,8,0,16,64,0x0,0x7fc799d9b0c0,4864,26112,0,11008,2048
34,"void ck_tile::kentry<256, ck_tile::MoeSortingMultiPhaseKernel_P0_v1<ck_tile::MoeSortingProblemMp<int, float, unsigned char, 4, false, false, true> >, ck_tile::MoeSortingMultiPhaseKernel_P0_v1<ck_tile::MoeSortingProblemMp<int, float, unsigned char, 4, false, false, true> >::Kargs>(ck_tile::MoeSortingMultiPhaseKernel_P0_v1<ck_tile::MoeSortingProblemMp<int, float, unsigned char, 4, false, false, true> >::Kargs) [clone .kd]",2,0,34,284985,284985,155648,256,0,0,32,0,48,64,0x0,0x7fc799d9b780,2432,19200,0,3712,1280
35,"void ck_tile::kentry<2, ck_tile::MoeSortingMultiPhaseKernel_P1<ck_tile::MoeSortingProblemMp<int, float, unsigned char, 16, false, false, true> >, ck_tile::MoeSortingMultiPhaseKernel_P1<ck_tile::MoeSortingProblemMp<int, float, unsigned char, 16, false, false, true> >::Kargs>(ck_tile::MoeSortingMultiPhaseKernel_P1<ck_tile::MoeSortingProblemMp<int, float, unsigned char, 16, false, false, true> >::Kargs) [clone .kd]",2,0,35,284985,284985,65536,256,512,0,20,4,32,64,0x0,0x7fc799d9b7c0,1024,126976,0,2048,2304
36,"void ck_tile::kentry<2, ck_tile::MoeSortingMultiPhaseKernel_P23<ck_tile::MoeSortingProblemMp<int, float, unsigned char, 16, false, false, true> >, ck_tile::MoeSortingMultiPhaseKernel_P23<ck_tile::MoeSortingProblemMp<int, float, unsigned char, 16, false, false, true> >::Kargs>(ck_tile::MoeSortingMultiPhaseKernel_P23<ck_tile::MoeSortingProblemMp<int, float, unsigned char, 16, false, false, true> >::Kargs) [clone .kd]",2,0,36,284985,284985,221184,256,4096,0,64,0,80,64,0x0,0x7fc799d9b2c0,3456,1055226,0,23168,204184
37,"void at::native::vectorized_elementwise_kernel<8, at::native::FillFunctor<c10::BFloat16>, std::array<char*, 1ul> >(int, at::native::FillFunctor<c10::BFloat16>, std::array<char*, 1ul>) [clone .kd]",2,0,37,284985,284985,1572864,256,0,0,12,4,32,64,0x0,0x7fc79812f180,24576,172256,0,24576,49176
38,"void at::native::vectorized_elementwise_kernel<8, at::native::FillFunctor<c10::BFloat16>, std::array<char*, 1ul> >(int, at::native::FillFunctor<c10::BFloat16>, std::array<char*, 1ul>) [clone .kd]",2,0,38,284985,284985,3670016,256,0,0,12,4,32,64,0x0,0x7fc79812f180,57344,401408,0,57344,114688
39,"hk_moe_stage1_fp8_fused_act_kernel(__hip_bfloat16 const*, __hip_fp8_e4m3_fnuz const*, float const*, __hip_bfloat16*, int const*, int const*, int const*, int, int, int, int, int, int, int, int, int, int) [clone .kd]",2,0,39,284985,284985,786432,512,25600,0,120,0,48,64,0x0,0x7fcf9b071fc0,12288,542136224,73629696,59424,13742224
40,"void at::native::vectorized_elementwise_kernel<4, at::native::FillFunctor<float>, std::array<char*, 1ul> >(int, at::native::FillFunctor<float>, std::array<char*, 1ul>) [clone .kd]",2,0,40,284985,284985,3670016,256,0,0,12,4,32,64,0x0,0x7fc79812e5c0,57344,630784,0,57344,229376
41,"hk_moe_stage2_fp8_kernel_mma(__hip_bfloat16 const*, __hip_fp8_e4m3_fnuz const*, float const*, float*, int const*, int const*, int const*, float const*, int, int, int, int, int, int, int, int, int, int, int, int) [clone .kd]",2,0,41,284985,284985,22020096,512,32768,0,76,4,48,64,0x0,0x7fcf9b042680,344064,475698720,36814848,2526720,33166336
42,"void at::native::vectorized_elementwise_kernel<4, at::native::bfloat16_copy_kernel_cuda(at::TensorIteratorBase&)::{lambda(float)#1}, std::array<char*, 2ul> >(int, at::native::bfloat16_copy_kernel_cuda(at::TensorIteratorBase&)::{lambda(float)#1}, std::array<char*, 2ul>) [clone .kd]",2,0,42,284985,284985,3670016,256,0,0,28,4,32,64,0x0,0x7f8e1926b580,57344,6135808,0,114688,458752
43,"void ck_tile::kentry<2, ck_tile::MoeSortingClearWorkspaceKernel<ck_tile::MoeSortingClearWorkspaceProblem<false, 1024, 1> >, ck_tile::MoeSortingClearWorkspaceKernel<ck_tile::MoeSortingClearWorkspaceProblem<false, 1024, 1> >::Kargs>(ck_tile::MoeSortingClearWorkspaceKernel<ck_tile::MoeSortingClearWorkspaceProblem<false, 1024, 1> >::Kargs) [clone .kd]",2,0,44,284985,284985,311296,1024,0,0,8,0,16,64,0x0,0x7fc799d9b0c0,4864,26112,0,11008,2048
44,"void ck_tile::kentry<256, ck_tile::MoeSortingMultiPhaseKernel_P0_v1<ck_tile::MoeSortingProblemMp<int, float, unsigned char, 4, false, false, true> >, ck_tile::MoeSortingMultiPhaseKernel_P0_v1<ck_tile::MoeSortingProblemMp<int, float, unsigned char, 4, false, false, true> >::Kargs>(ck_tile::MoeSortingMultiPhaseKernel_P0_v1<ck_tile::MoeSortingProblemMp<int, float, unsigned char, 4, false, false, true> >::Kargs) [clone .kd]",2,0,45,284985,284985,155648,256,0,0,32,0,48,64,0x0,0x7fc799d9b780,2432,19200,0,3712,1280
45,"void ck_tile::kentry<2, ck_tile::MoeSortingMultiPhaseKernel_P1<ck_tile::MoeSortingProblemMp<int, float, unsigned char, 16, false, false, true> >, ck_tile::MoeSortingMultiPhaseKernel_P1<ck_tile::MoeSortingProblemMp<int, float, unsigned char, 16, false, false, true> >::Kargs>(ck_tile::MoeSortingMultiPhaseKernel_P1<ck_tile::MoeSortingProblemMp<int, float, unsigned char, 16, false, false, true> >::Kargs) [clone .kd]",2,0,46,284985,284985,65536,256,512,0,20,4,32,64,0x0,0x7fc799d9b7c0,1024,126976,0,2048,2304
46,"void ck_tile::kentry<2, ck_tile::MoeSortingMultiPhaseKernel_P23<ck_tile::MoeSortingProblemMp<int, float, unsigned char, 16, false, false, true> >, ck_tile::MoeSortingMultiPhaseKernel_P23<ck_tile::MoeSortingProblemMp<int, float, unsigned char, 16, false, false, true> >::Kargs>(ck_tile::MoeSortingMultiPhaseKernel_P23<ck_tile::MoeSortingProblemMp<int, float, unsigned char, 16, false, false, true> >::Kargs) [clone .kd]",2,0,47,284985,284985,221184,256,4096,0,64,0,80,64,0x0,0x7fc799d9b2c0,3456,1055226,0,23168,204184
47,"void at::native::vectorized_elementwise_kernel<8, at::native::FillFunctor<c10::BFloat16>, std::array<char*, 1ul> >(int, at::native::FillFunctor<c10::BFloat16>, std::array<char*, 1ul>) [clone .kd]",2,0,48,284985,284985,1572864,256,0,0,12,4,32,64,0x0,0x7fc79812f180,24576,172256,0,24576,49176
48,"void at::native::vectorized_elementwise_kernel<8, at::native::FillFunctor<c10::BFloat16>, std::array<char*, 1ul> >(int, at::native::FillFunctor<c10::BFloat16>, std::array<char*, 1ul>) [clone .kd]",2,0,49,284985,284985,3670016,256,0,0,12,4,32,64,0x0,0x7fc79812f180,57344,401408,0,57344,114688
49,"hk_moe_stage1_fp8_fused_act_kernel(__hip_bfloat16 const*, __hip_fp8_e4m3_fnuz const*, float const*, __hip_bfloat16*, int const*, int const*, int const*, int, int, int, int, int, int, int, int, int, int) [clone .kd]",2,0,50,284985,284985,786432,512,25600,0,120,0,48,64,0x0,0x7fcf9b071fc0,12288,542136224,73629696,59424,13742224
50,"void at::native::vectorized_elementwise_kernel<4, at::native::FillFunctor<float>, std::array<char*, 1ul> >(int, at::native::FillFunctor<float>, std::array<char*, 1ul>) [clone .kd]",2,0,51,284985,284985,3670016,256,0,0,12,4,32,64,0x0,0x7fc79812e5c0,57344,630784,0,57344,229376
51,"hk_moe_stage2_fp8_kernel_mma(__hip_bfloat16 const*, __hip_fp8_e4m3_fnuz const*, float const*, float*, int const*, int const*, int const*, float const*, int, int, int, int, int, int, int, int, int, int, int, int) [clone .kd]",2,0,52,284985,284985,22020096,512,32768,0,76,4,48,64,0x0,0x7fcf9b042680,344064,475698720,36814848,2526720,33166336
52,"void at::native::vectorized_elementwise_kernel<4, at::native::bfloat16_copy_kernel_cuda(at::TensorIteratorBase&)::{lambda(float)#1}, std::array<char*, 2ul> >(int, at::native::bfloat16_copy_kernel_cuda(at::TensorIteratorBase&)::{lambda(float)#1}, std::array<char*, 2ul>) [clone .kd]",2,0,53,284985,284985,3670016,256,0,0,28,4,32,64,0x0,0x7f8e1926b580,57344,6135808,0,114688,458752
53,"void ck_tile::kentry<2, ck_tile::MoeSortingClearWorkspaceKernel<ck_tile::MoeSortingClearWorkspaceProblem<false, 1024, 1> >, ck_tile::MoeSortingClearWorkspaceKernel<ck_tile::MoeSortingClearWorkspaceProblem<false, 1024, 1> >::Kargs>(ck_tile::MoeSortingClearWorkspaceKernel<ck_tile::MoeSortingClearWorkspaceProblem<false, 1024, 1> >::Kargs) [clone .kd]",2,0,55,284985,284985,311296,1024,0,0,8,0,16,64,0x0,0x7fc799d9b0c0,4864,26112,0,11008,2048
54,"void ck_tile::kentry<256, ck_tile::MoeSortingMultiPhaseKernel_P0_v1<ck_tile::MoeSortingProblemMp<int, float, unsigned char, 4, false, false, true> >, ck_tile::MoeSortingMultiPhaseKernel_P0_v1<ck_tile::MoeSortingProblemMp<int, float, unsigned char, 4, false, false, true> >::Kargs>(ck_tile::MoeSortingMultiPhaseKernel_P0_v1<ck_tile::MoeSortingProblemMp<int, float, unsigned char, 4, false, false, true> >::Kargs) [clone .kd]",2,0,56,284985,284985,155648,256,0,0,32,0,48,64,0x0,0x7fc799d9b780,2432,19200,0,3712,1280
55,"void ck_tile::kentry<2, ck_tile::MoeSortingMultiPhaseKernel_P1<ck_tile::MoeSortingProblemMp<int, float, unsigned char, 16, false, false, true> >, ck_tile::MoeSortingMultiPhaseKernel_P1<ck_tile::MoeSortingProblemMp<int, float, unsigned char, 16, false, false, true> >::Kargs>(ck_tile::MoeSortingMultiPhaseKernel_P1<ck_tile::MoeSortingProblemMp<int, float, unsigned char, 16, false, false, true> >::Kargs) [clone .kd]",2,0,57,284985,284985,65536,256,512,0,20,4,32,64,0x0,0x7fc799d9b7c0,1024,126976,0,2048,2304
56,"void ck_tile::kentry<2, ck_tile::MoeSortingMultiPhaseKernel_P23<ck_tile::MoeSortingProblemMp<int, float, unsigned char, 16, false, false, true> >, ck_tile::MoeSortingMultiPhaseKernel_P23<ck_tile::MoeSortingProblemMp<int, float, unsigned char, 16, false, false, true> >::Kargs>(ck_tile::MoeSortingMultiPhaseKernel_P23<ck_tile::MoeSortingProblemMp<int, float, unsigned char, 16, false, false, true> >::Kargs) [clone .kd]",2,0,58,284985,284985,221184,256,4096,0,64,0,80,64,0x0,0x7fc799d9b2c0,3456,1055226,0,23168,204184
57,"void at::native::vectorized_elementwise_kernel<8, at::native::FillFunctor<c10::BFloat16>, std::array<char*, 1ul> >(int, at::native::FillFunctor<c10::BFloat16>, std::array<char*, 1ul>) [clone .kd]",2,0,59,284985,284985,1572864,256,0,0,12,4,32,64,0x0,0x7fc79812f180,24576,172256,0,24576,49176
58,"void at::native::vectorized_elementwise_kernel<8, at::native::FillFunctor<c10::BFloat16>, std::array<char*, 1ul> >(int, at::native::FillFunctor<c10::BFloat16>, std::array<char*, 1ul>) [clone .kd]",2,0,60,284985,284985,3670016,256,0,0,12,4,32,64,0x0,0x7fc79812f180,57344,401408,0,57344,114688
59,"hk_moe_stage1_fp8_fused_act_kernel(__hip_bfloat16 const*, __hip_fp8_e4m3_fnuz const*, float const*, __hip_bfloat16*, int const*, int const*, int const*, int, int, int, int, int, int, int, int, int, int) [clone .kd]",2,0,61,284985,284985,786432,512,25600,0,120,0,48,64,0x0,0x7fcf9b071fc0,12288,542136224,73629696,59424,13742224
60,"void at::native::vectorized_elementwise_kernel<4, at::native::FillFunctor<float>, std::array<char*, 1ul> >(int, at::native::FillFunctor<float>, std::array<char*, 1ul>) [clone .kd]",2,0,62,284985,284985,3670016,256,0,0,12,4,32,64,0x0,0x7fc79812e5c0,57344,630784,0,57344,229376
61,"hk_moe_stage2_fp8_kernel_mma(__hip_bfloat16 const*, __hip_fp8_e4m3_fnuz const*, float const*, float*, int const*, int const*, int const*, float const*, int, int, int, int, int, int, int, int, int, int, int, int) [clone .kd]",2,0,63,284985,284985,22020096,512,32768,0,76,4,48,64,0x0,0x7fcf9b042680,344064,475698720,36814848,2526720,33166336
62,"void at::native::vectorized_elementwise_kernel<4, at::native::bfloat16_copy_kernel_cuda(at::TensorIteratorBase&)::{lambda(float)#1}, std::array<char*, 2ul> >(int, at::native::bfloat16_copy_kernel_cuda(at::TensorIteratorBase&)::{lambda(float)#1}, std::array<char*, 2ul>) [clone .kd]",2,0,64,284985,284985,3670016,256,0,0,28,4,32,64,0x0,0x7f8e1926b580,57344,6135808,0,114688,458752
63,"void ck_tile::kentry<2, ck_tile::MoeSortingClearWorkspaceKernel<ck_tile::MoeSortingClearWorkspaceProblem<false, 1024, 1> >, ck_tile::MoeSortingClearWorkspaceKernel<ck_tile::MoeSortingClearWorkspaceProblem<false, 1024, 1> >::Kargs>(ck_tile::MoeSortingClearWorkspaceKernel<ck_tile::MoeSortingClearWorkspaceProblem<false, 1024, 1> >::Kargs) [clone .kd]",2,0,66,284985,284985,311296,1024,0,0,8,0,16,64,0x0,0x7fc799d9b0c0,4864,26112,0,11008,2048
64,"void ck_tile::kentry<256, ck_tile::MoeSortingMultiPhaseKernel_P0_v1<ck_tile::MoeSortingProblemMp<int, float, unsigned char, 4, false, false, true> >, ck_tile::MoeSortingMultiPhaseKernel_P0_v1<ck_tile::MoeSortingProblemMp<int, float, unsigned char, 4, false, false, true> >::Kargs>(ck_tile::MoeSortingMultiPhaseKernel_P0_v1<ck_tile::MoeSortingProblemMp<int, float, unsigned char, 4, false, false, true> >::Kargs) [clone .kd]",2,0,67,284985,284985,155648,256,0,0,32,0,48,64,0x0,0x7fc799d9b780,2432,19200,0,3712,1280
65,"void ck_tile::kentry<2, ck_tile::MoeSortingMultiPhaseKernel_P1<ck_tile::MoeSortingProblemMp<int, float, unsigned char, 16, false, false, true> >, ck_tile::MoeSortingMultiPhaseKernel_P1<ck_tile::MoeSortingProblemMp<int, float, unsigned char, 16, false, false, true> >::Kargs>(ck_tile::MoeSortingMultiPhaseKernel_P1<ck_tile::MoeSortingProblemMp<int, float, unsigned char, 16, false, false, true> >::Kargs) [clone .kd]",2,0,68,284985,284985,65536,256,512,0,20,4,32,64,0x0,0x7fc799d9b7c0,1024,126976,0,2048,2304
66,"void ck_tile::kentry<2, ck_tile::MoeSortingMultiPhaseKernel_P23<ck_tile::MoeSortingProblemMp<int, float, unsigned char, 16, false, false, true> >, ck_tile::MoeSortingMultiPhaseKernel_P23<ck_tile::MoeSortingProblemMp<int, float, unsigned char, 16, false, false, true> >::Kargs>(ck_tile::MoeSortingMultiPhaseKernel_P23<ck_tile::MoeSortingProblemMp<int, float, unsigned char, 16, false, false, true> >::Kargs) [clone .kd]",2,0,69,284985,284985,221184,256,4096,0,64,0,80,64,0x0,0x7fc799d9b2c0,3456,1055226,0,23168,204184
67,"void at::native::vectorized_elementwise_kernel<8, at::native::FillFunctor<c10::BFloat16>, std::array<char*, 1ul> >(int, at::native::FillFunctor<c10::BFloat16>, std::array<char*, 1ul>) [clone .kd]",2,0,70,284985,284985,1572864,256,0,0,12,4,32,64,0x0,0x7fc79812f180,24576,172256,0,24576,49176
68,"void at::native::vectorized_elementwise_kernel<8, at::native::FillFunctor<c10::BFloat16>, std::array<char*, 1ul> >(int, at::native::FillFunctor<c10::BFloat16>, std::array<char*, 1ul>) [clone .kd]",2,0,71,284985,284985,3670016,256,0,0,12,4,32,64,0x0,0x7fc79812f180,57344,401408,0,57344,114688
69,"hk_moe_stage1_fp8_fused_act_kernel(__hip_bfloat16 const*, __hip_fp8_e4m3_fnuz const*, float const*, __hip_bfloat16*, int const*, int const*, int const*, int, int, int, int, int, int, int, int, int, int) [clone .kd]",2,0,72,284985,284985,786432,512,25600,0,120,0,48,64,0x0,0x7fcf9b071fc0,12288,542136224,73629696,59424,13742224
70,"void at::native::vectorized_elementwise_kernel<4, at::native::FillFunctor<float>, std::array<char*, 1ul> >(int, at::native::FillFunctor<float>, std::array<char*, 1ul>) [clone .kd]",2,0,73,284985,284985,3670016,256,0,0,12,4,32,64,0x0,0x7fc79812e5c0,57344,630784,0,57344,229376
71,"hk_moe_stage2_fp8_kernel_mma(__hip_bfloat16 const*, __hip_fp8_e4m3_fnuz const*, float const*, float*, int const*, int const*, int const*, float const*, int, int, int, int, int, int, int, int, int, int, int, int) [clone .kd]",2,0,74,284985,284985,22020096,512,32768,0,76,4,48,64,0x0,0x7fcf9b042680,344064,475698720,36814848,2526720,33166336
72,"void at::native::vectorized_elementwise_kernel<4, at::native::bfloat16_copy_kernel_cuda(at::TensorIteratorBase&)::{lambda(float)#1}, std::array<char*, 2ul> >(int, at::native::bfloat16_copy_kernel_cuda(at::TensorIteratorBase&)::{lambda(float)#1}, std::array<char*, 2ul>) [clone .kd]",2,0,75,284985,284985,3670016,256,0,0,28,4,32,64,0x0,0x7f8e1926b580,57344,6135808,0,114688,458752
73,"void ck_tile::kentry<2, ck_tile::MoeSortingClearWorkspaceKernel<ck_tile::MoeSortingClearWorkspaceProblem<false, 1024, 1> >, ck_tile::MoeSortingClearWorkspaceKernel<ck_tile::MoeSortingClearWorkspaceProblem<false, 1024, 1> >::Kargs>(ck_tile::MoeSortingClearWorkspaceKernel<ck_tile::MoeSortingClearWorkspaceProblem<false, 1024, 1> >::Kargs) [clone .kd]",2,0,76,284985,284985,311296,1024,0,0,8,0,16,64,0x0,0x7fc799d9b0c0,4864,26112,0,11008,2048
74,"void ck_tile::kentry<256, ck_tile::MoeSortingMultiPhaseKernel_P0_v1<ck_tile::MoeSortingProblemMp<int, float, unsigned char, 4, false, false, true> >, ck_tile::MoeSortingMultiPhaseKernel_P0_v1<ck_tile::MoeSortingProblemMp<int, float, unsigned char, 4, false, false, true> >::Kargs>(ck_tile::MoeSortingMultiPhaseKernel_P0_v1<ck_tile::MoeSortingProblemMp<int, float, unsigned char, 4, false, false, true> >::Kargs) [clone .kd]",2,0,77,284985,284985,155648,256,0,0,32,0,48,64,0x0,0x7fc799d9b780,2432,19200,0,3712,1280
75,"void ck_tile::kentry<2, ck_tile::MoeSortingMultiPhaseKernel_P1<ck_tile::MoeSortingProblemMp<int, float, unsigned char, 16, false, false, true> >, ck_tile::MoeSortingMultiPhaseKernel_P1<ck_tile::MoeSortingProblemMp<int, float, unsigned char, 16, false, false, true> >::Kargs>(ck_tile::MoeSortingMultiPhaseKernel_P1<ck_tile::MoeSortingProblemMp<int, float, unsigned char, 16, false, false, true> >::Kargs) [clone .kd]",2,0,78,284985,284985,65536,256,512,0,20,4,32,64,0x0,0x7fc799d9b7c0,1024,126976,0,2048,2304
76,"void ck_tile::kentry<2, ck_tile::MoeSortingMultiPhaseKernel_P23<ck_tile::MoeSortingProblemMp<int, float, unsigned char, 16, false, false, true> >, ck_tile::MoeSortingMultiPhaseKernel_P23<ck_tile::MoeSortingProblemMp<int, float, unsigned char, 16, false, false, true> >::Kargs>(ck_tile::MoeSortingMultiPhaseKernel_P23<ck_tile::MoeSortingProblemMp<int, float, unsigned char, 16, false, false, true> >::Kargs) [clone .kd]",2,0,79,284985,284985,221184,256,4096,0,64,0,80,64,0x0,0x7fc799d9b2c0,3456,1055226,0,23168,204184
77,"void at::native::vectorized_elementwise_kernel<8, at::native::FillFunctor<c10::BFloat16>, std::array<char*, 1ul> >(int, at::native::FillFunctor<c10::BFloat16>, std::array<char*, 1ul>) [clone .kd]",2,0,80,284985,284985,1572864,256,0,0,12,4,32,64,0x0,0x7fc79812f180,24576,172256,0,24576,49176
78,"void at::native::vectorized_elementwise_kernel<8, at::native::FillFunctor<c10::BFloat16>, std::array<char*, 1ul> >(int, at::native::FillFunctor<c10::BFloat16>, std::array<char*, 1ul>) [clone .kd]",2,0,81,284985,284985,3670016,256,0,0,12,4,32,64,0x0,0x7fc79812f180,57344,401408,0,57344,114688
79,"hk_moe_stage1_fp8_fused_act_kernel(__hip_bfloat16 const*, __hip_fp8_e4m3_fnuz const*, float const*, __hip_bfloat16*, int const*, int const*, int const*, int, int, int, int, int, int, int, int, int, int) [clone .kd]",2,0,82,284985,284985,786432,512,25600,0,120,0,48,64,0x0,0x7fcf9b071fc0,12288,542136224,73629696,59424,13742224
80,"void at::native::vectorized_elementwise_kernel<4, at::native::FillFunctor<float>, std::array<char*, 1ul> >(int, at::native::FillFunctor<float>, std::array<char*, 1ul>) [clone .kd]",2,0,83,284985,284985,3670016,256,0,0,12,4,32,64,0x0,0x7fc79812e5c0,57344,630784,0,57344,229376
81,"hk_moe_stage2_fp8_kernel_mma(__hip_bfloat16 const*, __hip_fp8_e4m3_fnuz const*, float const*, float*, int const*, int const*, int const*, float const*, int, int, int, int, int, int, int, int, int, int, int, int) [clone .kd]",2,0,84,284985,284985,22020096,512,32768,0,76,4,48,64,0x0,0x7fcf9b042680,344064,475698720,36814848,2526720,33166336
82,"void at::native::vectorized_elementwise_kernel<4, at::native::bfloat16_copy_kernel_cuda(at::TensorIteratorBase&)::{lambda(float)#1}, std::array<char*, 2ul> >(int, at::native::bfloat16_copy_kernel_cuda(at::TensorIteratorBase&)::{lambda(float)#1}, std::array<char*, 2ul>) [clone .kd]",2,0,85,284985,284985,3670016,256,0,0,28,4,32,64,0x0,0x7f8e1926b580,57344,6135808,0,114688,458752
83,"void ck_tile::kentry<2, ck_tile::MoeSortingClearWorkspaceKernel<ck_tile::MoeSortingClearWorkspaceProblem<false, 1024, 1> >, ck_tile::MoeSortingClearWorkspaceKernel<ck_tile::MoeSortingClearWorkspaceProblem<false, 1024, 1> >::Kargs>(ck_tile::MoeSortingClearWorkspaceKernel<ck_tile::MoeSortingClearWorkspaceProblem<false, 1024, 1> >::Kargs) [clone .kd]",2,0,86,284985,284985,311296,1024,0,0,8,0,16,64,0x0,0x7fc799d9b0c0,4864,26112,0,11008,2048
84,"void ck_tile::kentry<256, ck_tile::MoeSortingMultiPhaseKernel_P0_v1<ck_tile::MoeSortingProblemMp<int, float, unsigned char, 4, false, false, true> >, ck_tile::MoeSortingMultiPhaseKernel_P0_v1<ck_tile::MoeSortingProblemMp<int, float, unsigned char, 4, false, false, true> >::Kargs>(ck_tile::MoeSortingMultiPhaseKernel_P0_v1<ck_tile::MoeSortingProblemMp<int, float, unsigned char, 4, false, false, true> >::Kargs) [clone .kd]",2,0,87,284985,284985,155648,256,0,0,32,0,48,64,0x0,0x7fc799d9b780,2432,19200,0,3712,1280
85,"void ck_tile::kentry<2, ck_tile::MoeSortingMultiPhaseKernel_P1<ck_tile::MoeSortingProblemMp<int, float, unsigned char, 16, false, false, true> >, ck_tile::MoeSortingMultiPhaseKernel_P1<ck_tile::MoeSortingProblemMp<int, float, unsigned char, 16, false, false, true> >::Kargs>(ck_tile::MoeSortingMultiPhaseKernel_P1<ck_tile::MoeSortingProblemMp<int, float, unsigned char, 16, false, false, true> >::Kargs) [clone .kd]",2,0,88,284985,284985,65536,256,512,0,20,4,32,64,0x0,0x7fc799d9b7c0,1024,126976,0,2048,2304
86,"void ck_tile::kentry<2, ck_tile::MoeSortingMultiPhaseKernel_P23<ck_tile::MoeSortingProblemMp<int, float, unsigned char, 16, false, false, true> >, ck_tile::MoeSortingMultiPhaseKernel_P23<ck_tile::MoeSortingProblemMp<int, float, unsigned char, 16, false, false, true> >::Kargs>(ck_tile::MoeSortingMultiPhaseKernel_P23<ck_tile::MoeSortingProblemMp<int, float, unsigned char, 16, false, false, true> >::Kargs) [clone .kd]",2,0,89,284985,284985,221184,256,4096,0,64,0,80,64,0x0,0x7fc799d9b2c0,3456,1055226,0,23168,204184
87,"void at::native::vectorized_elementwise_kernel<8, at::native::FillFunctor<c10::BFloat16>, std::array<char*, 1ul> >(int, at::native::FillFunctor<c10::BFloat16>, std::array<char*, 1ul>) [clone .kd]",2,0,90,284985,284985,1572864,256,0,0,12,4,32,64,0x0,0x7fc79812f180,24576,172256,0,24576,49176
88,"void at::native::vectorized_elementwise_kernel<8, at::native::FillFunctor<c10::BFloat16>, std::array<char*, 1ul> >(int, at::native::FillFunctor<c10::BFloat16>, std::array<char*, 1ul>) [clone .kd]",2,0,91,284985,284985,3670016,256,0,0,12,4,32,64,0x0,0x7fc79812f180,57344,401408,0,57344,114688
89,"hk_moe_stage1_fp8_fused_act_kernel(__hip_bfloat16 const*, __hip_fp8_e4m3_fnuz const*, float const*, __hip_bfloat16*, int const*, int const*, int const*, int, int, int, int, int, int, int, int, int, int) [clone .kd]",2,0,92,284985,284985,786432,512,25600,0,120,0,48,64,0x0,0x7fcf9b071fc0,12288,542136224,73629696,59424,13742224
90,"void at::native::vectorized_elementwise_kernel<4, at::native::FillFunctor<float>, std::array<char*, 1ul> >(int, at::native::FillFunctor<float>, std::array<char*, 1ul>) [clone .kd]",2,0,93,284985,284985,3670016,256,0,0,12,4,32,64,0x0,0x7fc79812e5c0,57344,630784,0,57344,229376
91,"hk_moe_stage2_fp8_kernel_mma(__hip_bfloat16 const*, __hip_fp8_e4m3_fnuz const*, float const*, float*, int const*, int const*, int const*, float const*, int, int, int, int, int, int, int, int, int, int, int, int) [clone .kd]",2,0,94,284985,284985,22020096,512,32768,0,76,4,48,64,0x0,0x7fcf9b042680,344064,475698720,36814848,2526720,33166336
92,"void at::native::vectorized_elementwise_kernel<4, at::native::bfloat16_copy_kernel_cuda(at::TensorIteratorBase&)::{lambda(float)#1}, std::array<char*, 2ul> >(int, at::native::bfloat16_copy_kernel_cuda(at::TensorIteratorBase&)::{lambda(float)#1}, std::array<char*, 2ul>) [clone .kd]",2,0,95,284985,284985,3670016,256,0,0,28,4,32,64,0x0,0x7f8e1926b580,57344,6135808,0,114688,458752
93,"void ck_tile::kentry<2, ck_tile::MoeSortingClearWorkspaceKernel<ck_tile::MoeSortingClearWorkspaceProblem<false, 1024, 1> >, ck_tile::MoeSortingClearWorkspaceKernel<ck_tile::MoeSortingClearWorkspaceProblem<false, 1024, 1> >::Kargs>(ck_tile::MoeSortingClearWorkspaceKernel<ck_tile::MoeSortingClearWorkspaceProblem<false, 1024, 1> >::Kargs) [clone .kd]",2,0,96,284985,284985,311296,1024,0,0,8,0,16,64,0x0,0x7fc799d9b0c0,4864,26112,0,11008,2048
94,"void ck_tile::kentry<256, ck_tile::MoeSortingMultiPhaseKernel_P0_v1<ck_tile::MoeSortingProblemMp<int, float, unsigned char, 4, false, false, true> >, ck_tile::MoeSortingMultiPhaseKernel_P0_v1<ck_tile::MoeSortingProblemMp<int, float, unsigned char, 4, false, false, true> >::Kargs>(ck_tile::MoeSortingMultiPhaseKernel_P0_v1<ck_tile::MoeSortingProblemMp<int, float, unsigned char, 4, false, false, true> >::Kargs) [clone .kd]",2,0,97,284985,284985,155648,256,0,0,32,0,48,64,0x0,0x7fc799d9b780,2432,19200,0,3712,1280
95,"void ck_tile::kentry<2, ck_tile::MoeSortingMultiPhaseKernel_P1<ck_tile::MoeSortingProblemMp<int, float, unsigned char, 16, false, false, true> >, ck_tile::MoeSortingMultiPhaseKernel_P1<ck_tile::MoeSortingProblemMp<int, float, unsigned char, 16, false, false, true> >::Kargs>(ck_tile::MoeSortingMultiPhaseKernel_P1<ck_tile::MoeSortingProblemMp<int, float, unsigned char, 16, false, false, true> >::Kargs) [clone .kd]",2,0,98,284985,284985,65536,256,512,0,20,4,32,64,0x0,0x7fc799d9b7c0,1024,126976,0,2048,2304
96,"void ck_tile::kentry<2, ck_tile::MoeSortingMultiPhaseKernel_P23<ck_tile::MoeSortingProblemMp<int, float, unsigned char, 16, false, false, true> >, ck_tile::MoeSortingMultiPhaseKernel_P23<ck_tile::MoeSortingProblemMp<int, float, unsigned char, 16, false, false, true> >::Kargs>(ck_tile::MoeSortingMultiPhaseKernel_P23<ck_tile::MoeSortingProblemMp<int, float, unsigned char, 16, false, false, true> >::Kargs) [clone .kd]",2,0,99,284985,284985,221184,256,4096,0,64,0,80,64,0x0,0x7fc799d9b2c0,3456,1055226,0,23168,204184
97,"void at::native::vectorized_elementwise_kernel<8, at::native::FillFunctor<c10::BFloat16>, std::array<char*, 1ul> >(int, at::native::FillFunctor<c10::BFloat16>, std::array<char*, 1ul>) [clone .kd]",2,0,100,284985,284985,1572864,256,0,0,12,4,32,64,0x0,0x7fc79812f180,24576,172256,0,24576,49176
98,"void at::native::vectorized_elementwise_kernel<8, at::native::FillFunctor<c10::BFloat16>, std::array<char*, 1ul> >(int, at::native::FillFunctor<c10::BFloat16>, std::array<char*, 1ul>) [clone .kd]",2,0,101,284985,284985,3670016,256,0,0,12,4,32,64,0x0,0x7fc79812f180,57344,401408,0,57344,114688
99,"hk_moe_stage1_fp8_fused_act_kernel(__hip_bfloat16 const*, __hip_fp8_e4m3_fnuz const*, float const*, __hip_bfloat16*, int const*, int const*, int const*, int, int, int, int, int, int, int, int, int, int) [clone .kd]",2,0,102,284985,284985,786432,512,25600,0,120,0,48,64,0x0,0x7fcf9b071fc0,12288,542136224,73629696,59424,13742224
100,"void at::native::vectorized_elementwise_kernel<4, at::native::FillFunctor<float>, std::array<char*, 1ul> >(int, at::native::FillFunctor<float>, std::array<char*, 1ul>) [clone .kd]",2,0,103,284985,284985,3670016,256,0,0,12,4,32,64,0x0,0x7fc79812e5c0,57344,630784,0,57344,229376
101,"hk_moe_stage2_fp8_kernel_mma(__hip_bfloat16 const*, __hip_fp8_e4m3_fnuz const*, float const*, float*, int const*, int const*, int const*, float const*, int, int, int, int, int, int, int, int, int, int, int, int) [clone .kd]",2,0,104,284985,284985,22020096,512,32768,0,76,4,48,64,0x0,0x7fcf9b042680,344064,475698720,36814848,2526720,33166336
102,"void at::native::vectorized_elementwise_kernel<4, at::native::bfloat16_copy_kernel_cuda(at::TensorIteratorBase&)::{lambda(float)#1}, std::array<char*, 2ul> >(int, at::native::bfloat16_copy_kernel_cuda(at::TensorIteratorBase&)::{lambda(float)#1}, std::array<char*, 2ul>) [clone .kd]",2,0,105,284985,284985,3670016,256,0,0,28,4,32,64,0x0,0x7f8e1926b580,57344,6135808,0,114688,458752
103,"void ck_tile::kentry<2, ck_tile::MoeSortingClearWorkspaceKernel<ck_tile::MoeSortingClearWorkspaceProblem<false, 1024, 1> >, ck_tile::MoeSortingClearWorkspaceKernel<ck_tile::MoeSortingClearWorkspaceProblem<false, 1024, 1> >::Kargs>(ck_tile::MoeSortingClearWorkspaceKernel<ck_tile::MoeSortingClearWorkspaceProblem<false, 1024, 1> >::Kargs) [clone .kd]",2,0,106,284985,284985,311296,1024,0,0,8,0,16,64,0x0,0x7fc799d9b0c0,4864,26112,0,11008,2048
104,"void ck_tile::kentry<256, ck_tile::MoeSortingMultiPhaseKernel_P0_v1<ck_tile::MoeSortingProblemMp<int, float, unsigned char, 4, false, false, true> >, ck_tile::MoeSortingMultiPhaseKernel_P0_v1<ck_tile::MoeSortingProblemMp<int, float, unsigned char, 4, false, false, true> >::Kargs>(ck_tile::MoeSortingMultiPhaseKernel_P0_v1<ck_tile::MoeSortingProblemMp<int, float, unsigned char, 4, false, false, true> >::Kargs) [clone .kd]",2,0,107,284985,284985,155648,256,0,0,32,0,48,64,0x0,0x7fc799d9b780,2432,19200,0,3712,1280
105,"void ck_tile::kentry<2, ck_tile::MoeSortingMultiPhaseKernel_P1<ck_tile::MoeSortingProblemMp<int, float, unsigned char, 16, false, false, true> >, ck_tile::MoeSortingMultiPhaseKernel_P1<ck_tile::MoeSortingProblemMp<int, float, unsigned char, 16, false, false, true> >::Kargs>(ck_tile::MoeSortingMultiPhaseKernel_P1<ck_tile::MoeSortingProblemMp<int, float, unsigned char, 16, false, false, true> >::Kargs) [clone .kd]",2,0,108,284985,284985,65536,256,512,0,20,4,32,64,0x0,0x7fc799d9b7c0,1024,126976,0,2048,2304
106,"void ck_tile::kentry<2, ck_tile::MoeSortingMultiPhaseKernel_P23<ck_tile::MoeSortingProblemMp<int, float, unsigned char, 16, false, false, true> >, ck_tile::MoeSortingMultiPhaseKernel_P23<ck_tile::MoeSortingProblemMp<int, float, unsigned char, 16, false, false, true> >::Kargs>(ck_tile::MoeSortingMultiPhaseKernel_P23<ck_tile::MoeSortingProblemMp<int, float, unsigned char, 16, false, false, true> >::Kargs) [clone .kd]",2,0,109,284985,284985,221184,256,4096,0,64,0,80,64,0x0,0x7fc799d9b2c0,3456,1055226,0,23168,204184
107,"void at::native::vectorized_elementwise_kernel<8, at::native::FillFunctor<c10::BFloat16>, std::array<char*, 1ul> >(int, at::native::FillFunctor<c10::BFloat16>, std::array<char*, 1ul>) [clone .kd]",2,0,110,284985,284985,1572864,256,0,0,12,4,32,64,0x0,0x7fc79812f180,24576,172256,0,24576,49176
108,"void at::native::vectorized_elementwise_kernel<8, at::native::FillFunctor<c10::BFloat16>, std::array<char*, 1ul> >(int, at::native::FillFunctor<c10::BFloat16>, std::array<char*, 1ul>) [clone .kd]",2,0,111,284985,284985,3670016,256,0,0,12,4,32,64,0x0,0x7fc79812f180,57344,401408,0,57344,114688
109,"hk_moe_stage1_fp8_fused_act_kernel(__hip_bfloat16 const*, __hip_fp8_e4m3_fnuz const*, float const*, __hip_bfloat16*, int const*, int const*, int const*, int, int, int, int, int, int, int, int, int, int) [clone .kd]",2,0,112,284985,284985,786432,512,25600,0,120,0,48,64,0x0,0x7fcf9b071fc0,12288,542136224,73629696,59424,13742224
110,"void at::native::vectorized_elementwise_kernel<4, at::native::FillFunctor<float>, std::array<char*, 1ul> >(int, at::native::FillFunctor<float>, std::array<char*, 1ul>) [clone .kd]",2,0,113,284985,284985,3670016,256,0,0,12,4,32,64,0x0,0x7fc79812e5c0,57344,630784,0,57344,229376
111,"hk_moe_stage2_fp8_kernel_mma(__hip_bfloat16 const*, __hip_fp8_e4m3_fnuz const*, float const*, float*, int const*, int const*, int const*, float const*, int, int, int, int, int, int, int, int, int, int, int, int) [clone .kd]",2,0,114,284985,284985,22020096,512,32768,0,76,4,48,64,0x0,0x7fcf9b042680,344064,475698720,36814848,2526720,33166336
112,"void at::native::vectorized_elementwise_kernel<4, at::native::bfloat16_copy_kernel_cuda(at::TensorIteratorBase&)::{lambda(float)#1}, std::array<char*, 2ul> >(int, at::native::bfloat16_copy_kernel_cuda(at::TensorIteratorBase&)::{lambda(float)#1}, std::array<char*, 2ul>) [clone .kd]",2,0,115,284985,284985,3670016,256,0,0,28,4,32,64,0x0,0x7f8e1926b580,57344,6135808,0,114688,458752
113,"void ck_tile::kentry<2, ck_tile::MoeSortingClearWorkspaceKernel<ck_tile::MoeSortingClearWorkspaceProblem<false, 1024, 1> >, ck_tile::MoeSortingClearWorkspaceKernel<ck_tile::MoeSortingClearWorkspaceProblem<false, 1024, 1> >::Kargs>(ck_tile::MoeSortingClearWorkspaceKernel<ck_tile::MoeSortingClearWorkspaceProblem<false, 1024, 1> >::Kargs) [clone .kd]",2,0,116,284985,284985,311296,1024,0,0,8,0,16,64,0x0,0x7fc799d9b0c0,4864,26112,0,11008,2048
114,"void ck_tile::kentry<256, ck_tile::MoeSortingMultiPhaseKernel_P0_v1<ck_tile::MoeSortingProblemMp<int, float, unsigned char, 4, false, false, true> >, ck_tile::MoeSortingMultiPhaseKernel_P0_v1<ck_tile::MoeSortingProblemMp<int, float, unsigned char, 4, false, false, true> >::Kargs>(ck_tile::MoeSortingMultiPhaseKernel_P0_v1<ck_tile::MoeSortingProblemMp<int, float, unsigned char, 4, false, false, true> >::Kargs) [clone .kd]",2,0,117,284985,284985,155648,256,0,0,32,0,48,64,0x0,0x7fc799d9b780,2432,19200,0,3712,1280
115,"void ck_tile::kentry<2, ck_tile::MoeSortingMultiPhaseKernel_P1<ck_tile::MoeSortingProblemMp<int, float, unsigned char, 16, false, false, true> >, ck_tile::MoeSortingMultiPhaseKernel_P1<ck_tile::MoeSortingProblemMp<int, float, unsigned char, 16, false, false, true> >::Kargs>(ck_tile::MoeSortingMultiPhaseKernel_P1<ck_tile::MoeSortingProblemMp<int, float, unsigned char, 16, false, false, true> >::Kargs) [clone .kd]",2,0,118,284985,284985,65536,256,512,0,20,4,32,64,0x0,0x7fc799d9b7c0,1024,126976,0,2048,2304
116,"void ck_tile::kentry<2, ck_tile::MoeSortingMultiPhaseKernel_P23<ck_tile::MoeSortingProblemMp<int, float, unsigned char, 16, false, false, true> >, ck_tile::MoeSortingMultiPhaseKernel_P23<ck_tile::MoeSortingProblemMp<int, float, unsigned char, 16, false, false, true> >::Kargs>(ck_tile::MoeSortingMultiPhaseKernel_P23<ck_tile::MoeSortingProblemMp<int, float, unsigned char, 16, false, false, true> >::Kargs) [clone .kd]",2,0,119,284985,284985,221184,256,4096,0,64,0,80,64,0x0,0x7fc799d9b2c0,3456,1055226,0,23168,204184
117,"void at::native::vectorized_elementwise_kernel<8, at::native::FillFunctor<c10::BFloat16>, std::array<char*, 1ul> >(int, at::native::FillFunctor<c10::BFloat16>, std::array<char*, 1ul>) [clone .kd]",2,0,120,284985,284985,1572864,256,0,0,12,4,32,64,0x0,0x7fc79812f180,24576,172256,0,24576,49176
118,"void at::native::vectorized_elementwise_kernel<8, at::native::FillFunctor<c10::BFloat16>, std::array<char*, 1ul> >(int, at::native::FillFunctor<c10::BFloat16>, std::array<char*, 1ul>) [clone .kd]",2,0,121,284985,284985,3670016,256,0,0,12,4,32,64,0x0,0x7fc79812f180,57344,401408,0,57344,114688
119,"hk_moe_stage1_fp8_fused_act_kernel(__hip_bfloat16 const*, __hip_fp8_e4m3_fnuz const*, float const*, __hip_bfloat16*, int const*, int const*, int const*, int, int, int, int, int, int, int, int, int, int) [clone .kd]",2,0,122,284985,284985,786432,512,25600,0,120,0,48,64,0x0,0x7fcf9b071fc0,12288,542136224,73629696,59424,13742224
120,"void at::native::vectorized_elementwise_kernel<4, at::native::FillFunctor<float>, std::array<char*, 1ul> >(int, at::native::FillFunctor<float>, std::array<char*, 1ul>) [clone .kd]",2,0,123,284985,284985,3670016,256,0,0,12,4,32,64,0x0,0x7fc79812e5c0,57344,630784,0,57344,229376
121,"hk_moe_stage2_fp8_kernel_mma(__hip_bfloat16 const*, __hip_fp8_e4m3_fnuz const*, float const*, float*, int const*, int const*, int const*, float const*, int, int, int, int, int, int, int, int, int, int, int, int) [clone .kd]",2,0,124,284985,284985,22020096,512,32768,0,76,4,48,64,0x0,0x7fcf9b042680,344064,475698720,36814848,2526720,33166336
122,"void at::native::vectorized_elementwise_kernel<4, at::native::bfloat16_copy_kernel_cuda(at::TensorIteratorBase&)::{lambda(float)#1}, std::array<char*, 2ul> >(int, at::native::bfloat16_copy_kernel_cuda(at::TensorIteratorBase&)::{lambda(float)#1}, std::array<char*, 2ul>) [clone .kd]",2,0,125,284985,284985,3670016,256,0,0,28,4,32,64,0x0,0x7f8e1926b580,57344,6135808,0,114688,458752
123,"void ck_tile::kentry<2, ck_tile::MoeSortingClearWorkspaceKernel<ck_tile::MoeSortingClearWorkspaceProblem<false, 1024, 1> >, ck_tile::MoeSortingClearWorkspaceKernel<ck_tile::MoeSortingClearWorkspaceProblem<false, 1024, 1> >::Kargs>(ck_tile::MoeSortingClearWorkspaceKernel<ck_tile::MoeSortingClearWorkspaceProblem<false, 1024, 1> >::Kargs) [clone .kd]",2,0,126,284985,284985,311296,1024,0,0,8,0,16,64,0x0,0x7fc799d9b0c0,4864,26112,0,11008,2048
124,"void ck_tile::kentry<256, ck_tile::MoeSortingMultiPhaseKernel_P0_v1<ck_tile::MoeSortingProblemMp<int, float, unsigned char, 4, false, false, true> >, ck_tile::MoeSortingMultiPhaseKernel_P0_v1<ck_tile::MoeSortingProblemMp<int, float, unsigned char, 4, false, false, true> >::Kargs>(ck_tile::MoeSortingMultiPhaseKernel_P0_v1<ck_tile::MoeSortingProblemMp<int, float, unsigned char, 4, false, false, true> >::Kargs) [clone .kd]",2,0,127,284985,284985,155648,256,0,0,32,0,48,64,0x0,0x7fc799d9b780,2432,19200,0,3712,1280
125,"void ck_tile::kentry<2, ck_tile::MoeSortingMultiPhaseKernel_P1<ck_tile::MoeSortingProblemMp<int, float, unsigned char, 16, false, false, true> >, ck_tile::MoeSortingMultiPhaseKernel_P1<ck_tile::MoeSortingProblemMp<int, float, unsigned char, 16, false, false, true> >::Kargs>(ck_tile::MoeSortingMultiPhaseKernel_P1<ck_tile::MoeSortingProblemMp<int, float, unsigned char, 16, false, false, true> >::Kargs) [clone .kd]",2,0,128,284985,284985,65536,256,512,0,20,4,32,64,0x0,0x7fc799d9b7c0,1024,126976,0,2048,2304
126,"void ck_tile::kentry<2, ck_tile::MoeSortingMultiPhaseKernel_P23<ck_tile::MoeSortingProblemMp<int, float, unsigned char, 16, false, false, true> >, ck_tile::MoeSortingMultiPhaseKernel_P23<ck_tile::MoeSortingProblemMp<int, float, unsigned char, 16, false, false, true> >::Kargs>(ck_tile::MoeSortingMultiPhaseKernel_P23<ck_tile::MoeSortingProblemMp<int, float, unsigned char, 16, false, false, true> >::Kargs) [clone .kd]",2,0,129,284985,284985,221184,256,4096,0,64,0,80,64,0x0,0x7fc799d9b2c0,3456,1055226,0,23168,204184
127,"void at::native::vectorized_elementwise_kernel<8, at::native::FillFunctor<c10::BFloat16>, std::array<char*, 1ul> >(int, at::native::FillFunctor<c10::BFloat16>, std::array<char*, 1ul>) [clone .kd]",2,0,130,284985,284985,1572864,256,0,0,12,4,32,64,0x0,0x7fc79812f180,24576,172256,0,24576,49176
128,"void at::native::vectorized_elementwise_kernel<8, at::native::FillFunctor<c10::BFloat16>, std::array<char*, 1ul> >(int, at::native::FillFunctor<c10::BFloat16>, std::array<char*, 1ul>) [clone .kd]",2,0,131,284985,284985,3670016,256,0,0,12,4,32,64,0x0,0x7fc79812f180,57344,401408,0,57344,114688
129,"hk_moe_stage1_fp8_fused_act_kernel(__hip_bfloat16 const*, __hip_fp8_e4m3_fnuz const*, float const*, __hip_bfloat16*, int const*, int const*, int const*, int, int, int, int, int, int, int, int, int, int) [clone .kd]",2,0,132,284985,284985,786432,512,25600,0,120,0,48,64,0x0,0x7fcf9b071fc0,12288,542136224,73629696,59424,13742224
130,"void at::native::vectorized_elementwise_kernel<4, at::native::FillFunctor<float>, std::array<char*, 1ul> >(int, at::native::FillFunctor<float>, std::array<char*, 1ul>) [clone .kd]",2,0,133,284985,284985,3670016,256,0,0,12,4,32,64,0x0,0x7fc79812e5c0,57344,630784,0,57344,229376
131,"hk_moe_stage2_fp8_kernel_mma(__hip_bfloat16 const*, __hip_fp8_e4m3_fnuz const*, float const*, float*, int const*, int const*, int const*, float const*, int, int, int, int, int, int, int, int, int, int, int, int) [clone .kd]",2,0,134,284985,284985,22020096,512,32768,0,76,4,48,64,0x0,0x7fcf9b042680,344064,475698720,36814848,2526720,33166336
132,"void at::native::vectorized_elementwise_kernel<4, at::native::bfloat16_copy_kernel_cuda(at::TensorIteratorBase&)::{lambda(float)#1}, std::array<char*, 2ul> >(int, at::native::bfloat16_copy_kernel_cuda(at::TensorIteratorBase&)::{lambda(float)#1}, std::array<char*, 2ul>) [clone .kd]",2,0,135,284985,284985,3670016,256,0,0,28,4,32,64,0x0,0x7f8e1926b580,57344,6135808,0,114688,458752
133,"void ck_tile::kentry<2, ck_tile::MoeSortingClearWorkspaceKernel<ck_tile::MoeSortingClearWorkspaceProblem<false, 1024, 1> >, ck_tile::MoeSortingClearWorkspaceKernel<ck_tile::MoeSortingClearWorkspaceProblem<false, 1024, 1> >::Kargs>(ck_tile::MoeSortingClearWorkspaceKernel<ck_tile::MoeSortingClearWorkspaceProblem<false, 1024, 1> >::Kargs) [clone .kd]",2,0,136,284985,284985,311296,1024,0,0,8,0,16,64,0x0,0x7fc799d9b0c0,4864,26112,0,11008,2048
134,"void ck_tile::kentry<256, ck_tile::MoeSortingMultiPhaseKernel_P0_v1<ck_tile::MoeSortingProblemMp<int, float, unsigned char, 4, false, false, true> >, ck_tile::MoeSortingMultiPhaseKernel_P0_v1<ck_tile::MoeSortingProblemMp<int, float, unsigned char, 4, false, false, true> >::Kargs>(ck_tile::MoeSortingMultiPhaseKernel_P0_v1<ck_tile::MoeSortingProblemMp<int, float, unsigned char, 4, false, false, true> >::Kargs) [clone .kd]",2,0,137,284985,284985,155648,256,0,0,32,0,48,64,0x0,0x7fc799d9b780,2432,19200,0,3712,1280
135,"void ck_tile::kentry<2, ck_tile::MoeSortingMultiPhaseKernel_P1<ck_tile::MoeSortingProblemMp<int, float, unsigned char, 16, false, false, true> >, ck_tile::MoeSortingMultiPhaseKernel_P1<ck_tile::MoeSortingProblemMp<int, float, unsigned char, 16, false, false, true> >::Kargs>(ck_tile::MoeSortingMultiPhaseKernel_P1<ck_tile::MoeSortingProblemMp<int, float, unsigned char, 16, false, false, true> >::Kargs) [clone .kd]",2,0,138,284985,284985,65536,256,512,0,20,4,32,64,0x0,0x7fc799d9b7c0,1024,126976,0,2048,2304
136,"void ck_tile::kentry<2, ck_tile::MoeSortingMultiPhaseKernel_P23<ck_tile::MoeSortingProblemMp<int, float, unsigned char, 16, false, false, true> >, ck_tile::MoeSortingMultiPhaseKernel_P23<ck_tile::MoeSortingProblemMp<int, float, unsigned char, 16, false, false, true> >::Kargs>(ck_tile::MoeSortingMultiPhaseKernel_P23<ck_tile::MoeSortingProblemMp<int, float, unsigned char, 16, false, false, true> >::Kargs) [clone .kd]",2,0,139,284985,284985,221184,256,4096,0,64,0,80,64,0x0,0x7fc799d9b2c0,3456,1055226,0,23168,204184
137,"void at::native::vectorized_elementwise_kernel<8, at::native::FillFunctor<c10::BFloat16>, std::array<char*, 1ul> >(int, at::native::FillFunctor<c10::BFloat16>, std::array<char*, 1ul>) [clone .kd]",2,0,140,284985,284985,1572864,256,0,0,12,4,32,64,0x0,0x7fc79812f180,24576,172256,0,24576,49176
138,"void at::native::vectorized_elementwise_kernel<8, at::native::FillFunctor<c10::BFloat16>, std::array<char*, 1ul> >(int, at::native::FillFunctor<c10::BFloat16>, std::array<char*, 1ul>) [clone .kd]",2,0,141,284985,284985,3670016,256,0,0,12,4,32,64,0x0,0x7fc79812f180,57344,401408,0,57344,114688
139,"hk_moe_stage1_fp8_fused_act_kernel(__hip_bfloat16 const*, __hip_fp8_e4m3_fnuz const*, float const*, __hip_bfloat16*, int const*, int const*, int const*, int, int, int, int, int, int, int, int, int, int) [clone .kd]",2,0,142,284985,284985,786432,512,25600,0,120,0,48,64,0x0,0x7fcf9b071fc0,12288,542136224,73629696,59424,13742224
140,"void at::native::vectorized_elementwise_kernel<4, at::native::FillFunctor<float>, std::array<char*, 1ul> >(int, at::native::FillFunctor<float>, std::array<char*, 1ul>) [clone .kd]",2,0,143,284985,284985,3670016,256,0,0,12,4,32,64,0x0,0x7fc79812e5c0,57344,630784,0,57344,229376
141,"hk_moe_stage2_fp8_kernel_mma(__hip_bfloat16 const*, __hip_fp8_e4m3_fnuz const*, float const*, float*, int const*, int const*, int const*, float const*, int, int, int, int, int, int, int, int, int, int, int, int) [clone .kd]",2,0,144,284985,284985,22020096,512,32768,0,76,4,48,64,0x0,0x7fcf9b042680,344064,475698720,36814848,2526720,33166336
142,"void at::native::vectorized_elementwise_kernel<4, at::native::bfloat16_copy_kernel_cuda(at::TensorIteratorBase&)::{lambda(float)#1}, std::array<char*, 2ul> >(int, at::native::bfloat16_copy_kernel_cuda(at::TensorIteratorBase&)::{lambda(float)#1}, std::array<char*, 2ul>) [clone .kd]",2,0,145,284985,284985,3670016,256,0,0,28,4,32,64,0x0,0x7f8e1926b580,57344,6135808,0,114688,458752
143,"void ck_tile::kentry<2, ck_tile::MoeSortingClearWorkspaceKernel<ck_tile::MoeSortingClearWorkspaceProblem<false, 1024, 1> >, ck_tile::MoeSortingClearWorkspaceKernel<ck_tile::MoeSortingClearWorkspaceProblem<false, 1024, 1> >::Kargs>(ck_tile::MoeSortingClearWorkspaceKernel<ck_tile::MoeSortingClearWorkspaceProblem<false, 1024, 1> >::Kargs) [clone .kd]",2,0,146,284985,284985,311296,1024,0,0,8,0,16,64,0x0,0x7fc799d9b0c0,4864,26112,0,11008,2048
144,"void ck_tile::kentry<256, ck_tile::MoeSortingMultiPhaseKernel_P0_v1<ck_tile::MoeSortingProblemMp<int, float, unsigned char, 4, false, false, true> >, ck_tile::MoeSortingMultiPhaseKernel_P0_v1<ck_tile::MoeSortingProblemMp<int, float, unsigned char, 4, false, false, true> >::Kargs>(ck_tile::MoeSortingMultiPhaseKernel_P0_v1<ck_tile::MoeSortingProblemMp<int, float, unsigned char, 4, false, false, true> >::Kargs) [clone .kd]",2,0,147,284985,284985,155648,256,0,0,32,0,48,64,0x0,0x7fc799d9b780,2432,19200,0,3712,1280
145,"void ck_tile::kentry<2, ck_tile::MoeSortingMultiPhaseKernel_P1<ck_tile::MoeSortingProblemMp<int, float, unsigned char, 16, false, false, true> >, ck_tile::MoeSortingMultiPhaseKernel_P1<ck_tile::MoeSortingProblemMp<int, float, unsigned char, 16, false, false, true> >::Kargs>(ck_tile::MoeSortingMultiPhaseKernel_P1<ck_tile::MoeSortingProblemMp<int, float, unsigned char, 16, false, false, true> >::Kargs) [clone .kd]",2,0,148,284985,284985,65536,256,512,0,20,4,32,64,0x0,0x7fc799d9b7c0,1024,126976,0,2048,2304
146,"void ck_tile::kentry<2, ck_tile::MoeSortingMultiPhaseKernel_P23<ck_tile::MoeSortingProblemMp<int, float, unsigned char, 16, false, false, true> >, ck_tile::MoeSortingMultiPhaseKernel_P23<ck_tile::MoeSortingProblemMp<int, float, unsigned char, 16, false, false, true> >::Kargs>(ck_tile::MoeSortingMultiPhaseKernel_P23<ck_tile::MoeSortingProblemMp<int, float, unsigned char, 16, false, false, true> >::Kargs) [clone .kd]",2,0,149,284985,284985,221184,256,4096,0,64,0,80,64,0x0,0x7fc799d9b2c0,3456,1055226,0,23168,204184
147,"void at::native::vectorized_elementwise_kernel<8, at::native::FillFunctor<c10::BFloat16>, std::array<char*, 1ul> >(int, at::native::FillFunctor<c10::BFloat16>, std::array<char*, 1ul>) [clone .kd]",2,0,150,284985,284985,1572864,256,0,0,12,4,32,64,0x0,0x7fc79812f180,24576,172256,0,24576,49176
148,"void at::native::vectorized_elementwise_kernel<8, at::native::FillFunctor<c10::BFloat16>, std::array<char*, 1ul> >(int, at::native::FillFunctor<c10::BFloat16>, std::array<char*, 1ul>) [clone .kd]",2,0,151,284985,284985,3670016,256,0,0,12,4,32,64,0x0,0x7fc79812f180,57344,401408,0,57344,114688
149,"hk_moe_stage1_fp8_fused_act_kernel(__hip_bfloat16 const*, __hip_fp8_e4m3_fnuz const*, float const*, __hip_bfloat16*, int const*, int const*, int const*, int, int, int, int, int, int, int, int, int, int) [clone .kd]",2,0,152,284985,284985,786432,512,25600,0,120,0,48,64,0x0,0x7fcf9b071fc0,12288,542136224,73629696,59424,13742224
150,"void at::native::vectorized_elementwise_kernel<4, at::native::FillFunctor<float>, std::array<char*, 1ul> >(int, at::native::FillFunctor<float>, std::array<char*, 1ul>) [clone .kd]",2,0,153,284985,284985,3670016,256,0,0,12,4,32,64,0x0,0x7fc79812e5c0,57344,630784,0,57344,229376
151,"hk_moe_stage2_fp8_kernel_mma(__hip_bfloat16 const*, __hip_fp8_e4m3_fnuz const*, float const*, float*, int const*, int const*, int const*, float const*, int, int, int, int, int, int, int, int, int, int, int, int) [clone .kd]",2,0,154,284985,284985,22020096,512,32768,0,76,4,48,64,0x0,0x7fcf9b042680,344064,475698720,36814848,2526720,33166336
152,"void at::native::vectorized_elementwise_kernel<4, at::native::bfloat16_copy_kernel_cuda(at::TensorIteratorBase&)::{lambda(float)#1}, std::array<char*, 2ul> >(int, at::native::bfloat16_copy_kernel_cuda(at::TensorIteratorBase&)::{lambda(float)#1}, std::array<char*, 2ul>) [clone .kd]",2,0,155,284985,284985,3670016,256,0,0,28,4,32,64,0x0,0x7f8e1926b580,57344,6135808,0,114688,458752
153,"void ck_tile::kentry<2, ck_tile::MoeSortingClearWorkspaceKernel<ck_tile::MoeSortingClearWorkspaceProblem<false, 1024, 1> >, ck_tile::MoeSortingClearWorkspaceKernel<ck_tile::MoeSortingClearWorkspaceProblem<false, 1024, 1> >::Kargs>(ck_tile::MoeSortingClearWorkspaceKernel<ck_tile::MoeSortingClearWorkspaceProblem<false, 1024, 1> >::Kargs) [clone .kd]",2,0,156,284985,284985,311296,1024,0,0,8,0,16,64,0x0,0x7fc799d9b0c0,4864,26112,0,11008,2048
154,"void ck_tile::kentry<256, ck_tile::MoeSortingMultiPhaseKernel_P0_v1<ck_tile::MoeSortingProblemMp<int, float, unsigned char, 4, false, false, true> >, ck_tile::MoeSortingMultiPhaseKernel_P0_v1<ck_tile::MoeSortingProblemMp<int, float, unsigned char, 4, false, false, true> >::Kargs>(ck_tile::MoeSortingMultiPhaseKernel_P0_v1<ck_tile::MoeSortingProblemMp<int, float, unsigned char, 4, false, false, true> >::Kargs) [clone .kd]",2,0,157,284985,284985,155648,256,0,0,32,0,48,64,0x0,0x7fc799d9b780,2432,19200,0,3712,1280
155,"void ck_tile::kentry<2, ck_tile::MoeSortingMultiPhaseKernel_P1<ck_tile::MoeSortingProblemMp<int, float, unsigned char, 16, false, false, true> >, ck_tile::MoeSortingMultiPhaseKernel_P1<ck_tile::MoeSortingProblemMp<int, float, unsigned char, 16, false, false, true> >::Kargs>(ck_tile::MoeSortingMultiPhaseKernel_P1<ck_tile::MoeSortingProblemMp<int, float, unsigned char, 16, false, false, true> >::Kargs) [clone .kd]",2,0,158,284985,284985,65536,256,512,0,20,4,32,64,0x0,0x7fc799d9b7c0,1024,126976,0,2048,2304
156,"void ck_tile::kentry<2, ck_tile::MoeSortingMultiPhaseKernel_P23<ck_tile::MoeSortingProblemMp<int, float, unsigned char, 16, false, false, true> >, ck_tile::MoeSortingMultiPhaseKernel_P23<ck_tile::MoeSortingProblemMp<int, float, unsigned char, 16, false, false, true> >::Kargs>(ck_tile::MoeSortingMultiPhaseKernel_P23<ck_tile::MoeSortingProblemMp<int, float, unsigned char, 16, false, false, true> >::Kargs) [clone .kd]",2,0,159,284985,284985,221184,256,4096,0,64,0,80,64,0x0,0x7fc799d9b2c0,3456,1055226,0,23168,204184
157,"void at::native::vectorized_elementwise_kernel<8, at::native::FillFunctor<c10::BFloat16>, std::array<char*, 1ul> >(int, at::native::FillFunctor<c10::BFloat16>, std::array<char*, 1ul>) [clone .kd]",2,0,160,284985,284985,1572864,256,0,0,12,4,32,64,0x0,0x7fc79812f180,24576,172256,0,24576,49176
158,"void at::native::vectorized_elementwise_kernel<8, at::native::FillFunctor<c10::BFloat16>, std::array<char*, 1ul> >(int, at::native::FillFunctor<c10::BFloat16>, std::array<char*, 1ul>) [clone .kd]",2,0,161,284985,284985,3670016,256,0,0,12,4,32,64,0x0,0x7fc79812f180,57344,401408,0,57344,114688
159,"hk_moe_stage1_fp8_fused_act_kernel(__hip_bfloat16 const*, __hip_fp8_e4m3_fnuz const*, float const*, __hip_bfloat16*, int const*, int const*, int const*, int, int, int, int, int, int, int, int, int, int) [clone .kd]",2,0,162,284985,284985,786432,512,25600,0,120,0,48,64,0x0,0x7fcf9b071fc0,12288,542136224,73629696,59424,13742224
160,"void at::native::vectorized_elementwise_kernel<4, at::native::FillFunctor<float>, std::array<char*, 1ul> >(int, at::native::FillFunctor<float>, std::array<char*, 1ul>) [clone .kd]",2,0,163,284985,284985,3670016,256,0,0,12,4,32,64,0x0,0x7fc79812e5c0,57344,630784,0,57344,229376
161,"hk_moe_stage2_fp8_kernel_mma(__hip_bfloat16 const*, __hip_fp8_e4m3_fnuz const*, float const*, float*, int const*, int const*, int const*, float const*, int, int, int, int, int, int, int, int, int, int, int, int) [clone .kd]",2,0,164,284985,284985,22020096,512,32768,0,76,4,48,64,0x0,0x7fcf9b042680,344064,475698720,36814848,2526720,33166336
162,"void at::native::vectorized_elementwise_kernel<4, at::native::bfloat16_copy_kernel_cuda(at::TensorIteratorBase&)::{lambda(float)#1}, std::array<char*, 2ul> >(int, at::native::bfloat16_copy_kernel_cuda(at::TensorIteratorBase&)::{lambda(float)#1}, std::array<char*, 2ul>) [clone .kd]",2,0,165,284985,284985,3670016,256,0,0,28,4,32,64,0x0,0x7f8e1926b580,57344,6135808,0,114688,458752
